,time,type,position,entry,sl,tp,exit_price,exit_time,result,rr_ratio,pnl,pnl_pips,lot_size,atr,balance
10,2024-08-28 08:50:00,SWEEP_bearish,sell,2506.38,2506.58,2505.98,2506.58,2024-08-28 08:55:00,loss,2.0,-199.99999999981813,-0.1999999999998181,0.01,1.686000000000028,9800.000000000182
11,2024-08-28 13:30:00,SWEEP_bearish,sell,2507.09,2507.29,2506.69,2506.69,2024-08-28 13:35:00,win,2.0,400.000000000091,0.40000000000009095,0.01,1.2066666666666304,10400.000000000091
12,2024-08-28 13:40:00,SWEEP_bearish,sell,2505.24,2505.4399999999996,2504.8399999999997,2504.8399999999997,2024-08-28 13:45:00,win,2.0,400.000000000091,0.40000000000009095,0.01,1.2686666666666193,10400.000000000091
13,2024-08-28 14:45:00,SWEEP_bearish,sell,2503.15,2503.35,2502.75,2503.35,2024-08-28 14:50:00,loss,2.0,-199.99999999981813,-0.1999999999998181,0.01,1.8406666666666145,9800.000000000182
14,2024-08-28 15:20:00,SWEEP_bearish,sell,2499.11,2499.31,2498.71,2499.31,2024-08-28 15:25:00,loss,2.0,-199.99999999981813,-0.1999999999998181,0.01,1.9026666666666339,9800.000000000182
15,2024-08-28 15:35:00,SWEEP_bearish,sell,2494.97,2495.1699999999996,2494.5699999999997,2495.1699999999996,2024-08-28 15:40:00,loss,2.0,-199.99999999981813,-0.1999999999998181,0.01,2.055999999999979,9800.000000000182
0,2024-08-28 15:35:00,FVG_bullish,buy,2494.97,2494.77,2495.37,2495.37,2024-08-28 15:40:00,win,2.0,400.000000000091,0.40000000000009095,0.01,2.055999999999979,10400.000000000091
16,2024-08-29 08:55:00,SWEEP_bullish,buy,2518.64,2518.44,2519.04,2518.44,2024-08-29 09:00:00,loss,2.0,-199.99999999981813,-0.1999999999998181,0.01,1.4220000000001165,9800.000000000182
17,2024-08-29 09:20:00,SWEEP_bullish,buy,2520.33,2520.13,2520.73,2520.13,2024-08-29 09:25:00,loss,2.0,-199.99999999981813,-0.1999999999998181,0.01,1.3673333333334388,9800.000000000182
18,2024-08-29 10:50:00,SWEEP_bearish,sell,2516.91,2517.1099999999997,2516.5099999999998,2517.1099999999997,2024-08-29 10:55:00,loss,2.0,-199.99999999981813,-0.1999999999998181,0.01,1.391333333333326,9800.000000000182
19,2024-08-29 15:25:00,SWEEP_bearish,sell,2516.0,2516.2,2515.6,2516.2,2024-08-29 15:30:00,loss,2.0,-199.99999999981813,-0.1999999999998181,0.01,1.5273333333332932,9800.000000000182
20,2024-08-29 15:45:00,SWEEP_bearish,sell,2505.31,2505.5099999999998,2504.91,2505.5099999999998,2024-08-29 15:50:00,loss,2.0,-199.99999999981813,-0.1999999999998181,0.01,2.660666666666718,9800.000000000182
21,2024-08-30 11:35:00,SWEEP_bullish,buy,2524.19,2523.9900000000002,2524.59,2523.9900000000002,2024-08-30 11:40:00,loss,2.0,-199.99999999981813,-0.1999999999998181,0.01,1.5213333333333443,9800.000000000182
1,2024-08-30 13:20:00,FVG_bullish,buy,2519.81,2519.61,2520.21,2519.61,2024-08-30 13:25:00,loss,2.0,-199.99999999981813,-0.1999999999998181,0.01,1.4140000000000328,9800.000000000182
22,2024-08-30 13:35:00,SWEEP_bearish,sell,2519.51,2519.71,2519.11,2519.11,2024-08-30 13:40:00,win,2.0,400.000000000091,0.40000000000009095,0.01,1.3866666666666787,10400.000000000091
23,2024-08-30 13:50:00,SWEEP_bearish,sell,2517.27,2517.47,2516.87,2517.47,2024-08-30 13:55:00,loss,2.0,-199.99999999981813,-0.1999999999998181,0.01,1.4926666666666886,9800.000000000182
24,2024-08-30 14:00:00,SWEEP_bearish,sell,2517.19,2517.39,2516.79,2517.39,2024-08-30 14:05:00,loss,2.0,-199.99999999981813,-0.1999999999998181,0.01,1.6926666666666885,9800.000000000182
25,2024-08-30 15:25:00,SWEEP_bullish,buy,2523.08,2522.88,2523.48,2522.88,2024-08-30 15:30:00,loss,2.0,-199.99999999981813,-0.1999999999998181,0.01,1.6346666666666958,9800.000000000182
26,2024-08-30 15:50:00,SWEEP_bearish,sell,2518.92,2519.12,2518.52,2519.12,2024-08-30 15:55:00,loss,2.0,-199.99999999981813,-0.1999999999998181,0.01,2.4646666666667443,9800.000000000182
27,2024-08-30 16:10:00,SWEEP_bearish,sell,2515.2,2515.3999999999996,2514.7999999999997,2515.3999999999996,2024-08-30 16:15:00,loss,2.0,-199.99999999981813,-0.1999999999998181,0.01,2.854000000000087,9800.000000000182
28,2024-08-30 16:15:00,SWEEP_bearish,sell,2516.65,2516.85,2516.25,2516.85,2024-08-30 16:20:00,loss,2.0,-199.99999999981813,-0.1999999999998181,0.01,3.084666666666726,9800.000000000182
29,2024-09-02 11:55:00,SWEEP_bullish,buy,2506.08,2505.88,2506.48,2505.88,2024-09-02 12:00:00,loss,2.0,-199.99999999981813,-0.1999999999998181,0.01,1.9606666666666872,9800.000000000182
30,2024-09-02 14:05:00,SWEEP_bearish,sell,2498.67,2498.87,2498.27,2498.27,2024-09-02 14:10:00,win,2.0,400.000000000091,0.40000000000009095,0.01,1.3399999999999939,10400.000000000091
31,2024-09-02 15:25:00,SWEEP_bullish,buy,2501.28,2501.0800000000004,2501.6800000000003,2501.0800000000004,2024-09-02 15:30:00,loss,2.0,-199.99999999981813,-0.1999999999998181,0.01,1.1206666666667238,9800.000000000182
32,2024-09-02 15:30:00,SWEEP_bullish,buy,2501.25,2501.05,2501.65,2501.65,2024-09-02 15:35:00,win,2.0,400.000000000091,0.40000000000009095,0.01,1.113333333333382,10400.000000000091
33,2024-09-03 08:40:00,SWEEP_bearish,sell,2494.58,2494.7799999999997,2494.18,2494.7799999999997,2024-09-03 08:45:00,loss,2.0,-199.99999999981813,-0.1999999999998181,0.01,0.9546666666667079,9800.000000000182
34,2024-09-03 08:45:00,SWEEP_bearish,sell,2494.73,2494.93,2494.33,2494.93,2024-09-03 08:50:00,loss,2.0,-199.99999999981813,-0.1999999999998181,0.01,1.0346666666666957,9800.000000000182
35,2024-09-03 09:45:00,SWEEP_bullish,buy,2496.4,2496.2000000000003,2496.8,2496.2000000000003,2024-09-03 09:50:00,loss,2.0,-199.99999999981813,-0.1999999999998181,0.01,1.4620000000000497,9800.000000000182
36,2024-09-03 11:05:00,SWEEP_bullish,buy,2501.38,2501.1800000000003,2501.78,2501.1800000000003,2024-09-03 11:10:00,loss,2.0,-199.99999999981813,-0.1999999999998181,0.01,1.5046666666666473,9800.000000000182
37,2024-09-03 13:40:00,SWEEP_bearish,sell,2494.78,2494.98,2494.38,2494.98,2024-09-03 13:45:00,loss,2.0,-199.99999999981813,-0.1999999999998181,0.01,1.474000000000069,9800.000000000182
38,2024-09-03 14:55:00,SWEEP_bearish,sell,2489.93,2490.1299999999997,2489.5299999999997,2490.1299999999997,2024-09-03 15:00:00,loss,2.0,-199.99999999981813,-0.1999999999998181,0.01,2.502666666666725,9800.000000000182
39,2024-09-04 09:50:00,SWEEP_bearish,sell,2485.19,2485.39,2484.79,2485.39,2024-09-04 09:55:00,loss,2.0,-199.99999999981813,-0.1999999999998181,0.01,1.7179999999999989,9800.000000000182
40,2024-09-04 11:00:00,SWEEP_bearish,sell,2483.11,2483.31,2482.71,2482.71,2024-09-04 11:05:00,win,2.0,400.000000000091,0.40000000000009095,0.01,2.1293333333333675,10400.000000000091
41,2024-09-04 11:20:00,SWEEP_bearish,sell,2480.5,2480.7,2480.1,2480.7,2024-09-04 11:25:00,loss,2.0,-199.99999999981813,-0.1999999999998181,0.01,2.0206666666667235,9800.000000000182
42,2024-09-04 11:25:00,SWEEP_bearish,sell,2480.8,2481.0,2480.4,2481.0,2024-09-04 11:30:00,loss,2.0,-199.99999999981813,-0.1999999999998181,0.01,2.046666666666685,9800.000000000182
43,2024-09-04 13:10:00,SWEEP_bullish,buy,2482.95,2482.75,2483.35,2482.75,2024-09-04 13:15:00,loss,2.0,-199.99999999981813,-0.1999999999998181,0.01,2.19399999999999,9800.000000000182
44,2024-09-04 14:30:00,SWEEP_bullish,buy,2488.34,2488.1400000000003,2488.7400000000002,2488.1400000000003,2024-09-04 14:35:00,loss,2.0,-199.99999999981813,-0.1999999999998181,0.01,2.0220000000000558,9800.000000000182
45,2024-09-04 15:30:00,SWEEP_bearish,sell,2487.2,2487.3999999999996,2486.7999999999997,2487.3999999999996,2024-09-04 15:35:00,loss,2.0,-199.99999999981813,-0.1999999999998181,0.01,1.7553333333333285,9800.000000000182
46,2024-09-04 16:00:00,SWEEP_bearish,sell,2488.18,2488.3799999999997,2487.7799999999997,2488.3799999999997,2024-09-04 16:05:00,loss,2.0,-199.99999999981813,-0.1999999999998181,0.01,2.0753333333333104,9800.000000000182
47,2024-09-04 16:30:00,SWEEP_bearish,sell,2488.9,2489.1,2488.5,2489.1,2024-09-04 16:35:00,loss,2.0,-199.99999999981813,-0.1999999999998181,0.01,2.4586666666666437,9800.000000000182
48,2024-09-05 09:30:00,SWEEP_bullish,buy,2504.23,2504.03,2504.63,2504.03,2024-09-05 09:35:00,loss,2.0,-199.99999999981813,-0.1999999999998181,0.01,1.8566666666667213,9800.000000000182
49,2024-09-06 08:20:00,SWEEP_bullish,buy,2520.1,2519.9,2520.5,2520.5,2024-09-06 08:25:00,win,2.0,400.000000000091,0.40000000000009095,0.01,0.7199999999999818,10400.000000000091
50,2024-09-06 08:30:00,SWEEP_bullish,buy,2519.94,2519.7400000000002,2520.34,2520.34,2024-09-06 08:35:00,win,2.0,400.000000000091,0.40000000000009095,0.01,0.7979999999999866,10400.000000000091
51,2024-09-06 14:20:00,SWEEP_bullish,buy,2519.55,2519.3500000000004,2519.9500000000003,2519.3500000000004,2024-09-06 14:25:00,loss,2.0,-199.99999999981813,-0.1999999999998181,0.01,1.13733333333336,9800.000000000182
52,2024-09-06 14:25:00,SWEEP_bullish,buy,2518.39,2518.19,2518.79,2518.19,2024-09-06 14:30:00,loss,2.0,-199.99999999981813,-0.1999999999998181,0.01,1.159333333333355,9800.000000000182
53,2024-09-06 15:15:00,SWEEP_bearish,sell,2514.16,2514.3599999999997,2513.7599999999998,2514.3599999999997,2024-09-06 15:20:00,loss,2.0,-199.99999999981813,-0.1999999999998181,0.01,1.3593333333332944,9800.000000000182
54,2024-09-06 15:30:00,SWEEP_bearish,sell,2524.25,2524.45,2523.85,2524.45,2024-09-06 15:35:00,loss,2.0,-199.99999999981813,-0.1999999999998181,0.01,2.8406666666666447,9800.000000000182
55,2024-09-09 09:00:00,SWEEP_bearish,sell,2489.54,2489.74,2489.14,2489.74,2024-09-09 09:05:00,loss,2.0,-199.99999999981813,-0.1999999999998181,0.01,1.4313333333333502,9800.000000000182
56,2024-09-09 09:30:00,SWEEP_bearish,sell,2489.23,2489.43,2488.83,2489.43,2024-09-09 09:35:00,loss,2.0,-199.99999999981813,-0.1999999999998181,0.01,2.0013333333333323,9800.000000000182
57,2024-09-09 13:10:00,SWEEP_bullish,buy,2496.41,2496.21,2496.81,2496.21,2024-09-09 13:15:00,loss,2.0,-199.99999999981813,-0.1999999999998181,0.01,1.3480000000000474,9800.000000000182
58,2024-09-09 16:15:00,SWEEP_bullish,buy,2502.79,2502.59,2503.19,2502.59,2024-09-09 16:20:00,loss,2.0,-199.99999999981813,-0.1999999999998181,0.01,1.919333333333331,9800.000000000182
59,2024-09-10 08:05:00,SWEEP_bearish,sell,2501.18,2501.3799999999997,2500.7799999999997,2501.3799999999997,2024-09-10 08:10:00,loss,2.0,-199.99999999981813,-0.1999999999998181,0.01,0.6686666666666496,9800.000000000182
60,2024-09-10 09:15:00,SWEEP_bullish,buy,2505.31,2505.11,2505.71,2505.11,2024-09-10 09:20:00,loss,2.0,-199.99999999981813,-0.1999999999998181,0.01,1.1059999999999794,9800.000000000182
61,2024-09-10 11:05:00,SWEEP_bearish,sell,2502.11,2502.31,2501.71,2502.31,2024-09-10 11:10:00,loss,2.0,-199.99999999981813,-0.1999999999998181,0.01,1.4580000000000837,9800.000000000182
62,2024-09-10 13:20:00,SWEEP_bullish,buy,2508.27,2508.07,2508.67,2508.07,2024-09-10 13:25:00,loss,2.0,-199.99999999981813,-0.1999999999998181,0.01,1.2159999999999855,9800.000000000182
63,2024-09-10 15:45:00,SWEEP_bullish,buy,2509.85,2509.65,2510.25,2509.65,2024-09-10 15:50:00,loss,2.0,-199.99999999981813,-0.1999999999998181,0.01,1.259333333333234,9800.000000000182
64,2024-09-10 16:00:00,SWEEP_bullish,buy,2512.9,2512.7000000000003,2513.3,2512.7000000000003,2024-09-10 16:05:00,loss,2.0,-199.99999999981813,-0.1999999999998181,0.01,1.5759999999999308,9800.000000000182
65,2024-09-11 08:25:00,SWEEP_bullish,buy,2521.08,2520.88,2521.48,2520.88,2024-09-11 08:30:00,loss,2.0,-199.99999999981813,-0.1999999999998181,0.01,0.8186666666667103,9800.000000000182
66,2024-09-11 09:40:00,SWEEP_bullish,buy,2524.85,2524.65,2525.25,2525.25,2024-09-11 09:45:00,win,2.0,400.000000000091,0.40000000000009095,0.01,1.7846666666667261,10400.000000000091
67,2024-09-11 11:00:00,SWEEP_bearish,sell,2523.02,2523.22,2522.62,2523.22,2024-09-11 11:05:00,loss,2.0,-199.99999999981813,-0.1999999999998181,0.01,1.3926666666665974,9800.000000000182
68,2024-09-11 13:05:00,SWEEP_bearish,sell,2521.88,2522.08,2521.48,2522.08,2024-09-11 13:10:00,loss,2.0,-199.99999999981813,-0.1999999999998181,0.01,1.1306666666666085,9800.000000000182
69,2024-09-11 13:25:00,SWEEP_bearish,sell,2520.91,2521.1099999999997,2520.5099999999998,2521.1099999999997,2024-09-11 13:30:00,loss,2.0,-199.99999999981813,-0.1999999999998181,0.01,1.1819999999999407,9800.000000000182
70,2024-09-11 14:50:00,SWEEP_bullish,buy,2523.04,2522.84,2523.44,2522.84,2024-09-11 14:55:00,loss,2.0,-199.99999999981813,-0.1999999999998181,0.01,1.3586666666667648,9800.000000000182
71,2024-09-11 15:45:00,SWEEP_bearish,sell,2507.56,2507.7599999999998,2507.16,2507.16,2024-09-11 15:50:00,win,2.0,400.000000000091,0.40000000000009095,0.01,3.1746666666666896,10400.000000000091
72,2024-09-12 08:15:00,SWEEP_bullish,buy,2518.15,2517.9500000000003,2518.55,2517.9500000000003,2024-09-12 08:20:00,loss,2.0,-199.99999999981813,-0.1999999999998181,0.01,0.6366666666666485,9800.000000000182
73,2024-09-12 09:10:00,SWEEP_bullish,buy,2520.65,2520.4500000000003,2521.05,2520.4500000000003,2024-09-12 09:15:00,loss,2.0,-199.99999999981813,-0.1999999999998181,0.01,0.9733333333333273,9800.000000000182
74,2024-09-12 10:25:00,SWEEP_bearish,sell,2515.84,2516.04,2515.44,2516.04,2024-09-12 10:30:00,loss,2.0,-199.99999999981813,-0.1999999999998181,0.01,1.1933333333334,9800.000000000182
75,2024-09-12 13:15:00,SWEEP_bullish,buy,2519.83,2519.63,2520.23,2519.63,2024-09-12 13:20:00,loss,2.0,-199.99999999981813,-0.1999999999998181,0.01,1.047333333333275,9800.000000000182
76,2024-09-12 14:00:00,SWEEP_bearish,sell,2513.9,2514.1,2513.5,2514.1,2024-09-12 14:05:00,loss,2.0,-199.99999999981813,-0.1999999999998181,0.01,1.2373333333332994,9800.000000000182
2,2024-09-12 15:10:00,FVG_bearish,sell,2519.62,2519.8199999999997,2519.22,2519.8199999999997,2024-09-12 15:15:00,loss,2.0,-199.99999999981813,-0.1999999999998181,0.01,1.4780000000000049,9800.000000000182
77,2024-09-12 15:50:00,SWEEP_bullish,buy,2532.81,2532.61,2533.21,2532.61,2024-09-12 15:55:00,loss,2.0,-199.99999999981813,-0.1999999999998181,0.01,2.641333333333326,9800.000000000182
78,2024-09-12 16:10:00,SWEEP_bullish,buy,2537.99,2537.79,2538.39,2537.79,2024-09-12 16:15:00,loss,2.0,-199.99999999981813,-0.1999999999998181,0.01,4.3319999999999705,9800.000000000182
79,2024-09-12 16:45:00,SWEEP_bullish,buy,2546.57,2546.3700000000003,2546.9700000000003,2546.3700000000003,2024-09-12 16:50:00,loss,2.0,-199.99999999981813,-0.1999999999998181,0.01,5.846666666666624,9800.000000000182
80,2024-09-13 09:00:00,SWEEP_bearish,sell,2566.56,2566.7599999999998,2566.16,2566.16,2024-09-13 09:05:00,win,2.0,400.000000000091,0.40000000000009095,0.01,1.3320000000000012,10400.000000000091
81,2024-09-13 09:15:00,SWEEP_bearish,sell,2564.31,2564.5099999999998,2563.91,2564.5099999999998,2024-09-13 09:20:00,loss,2.0,-199.99999999981813,-0.1999999999998181,0.01,1.5353333333333468,9800.000000000182
82,2024-09-13 10:50:00,SWEEP_bullish,buy,2569.59,2569.3900000000003,2569.9900000000002,2569.3900000000003,2024-09-13 10:55:00,loss,2.0,-199.99999999981813,-0.1999999999998181,0.01,2.178000000000005,9800.000000000182
83,2024-09-13 13:20:00,SWEEP_bearish,sell,2566.71,2566.91,2566.31,2566.91,2024-09-13 13:25:00,loss,2.0,-199.99999999981813,-0.1999999999998181,0.01,1.7599999999999758,9800.000000000182
84,2024-09-13 13:50:00,SWEEP_bearish,sell,2566.35,2566.5499999999997,2565.95,2566.5499999999997,2024-09-13 13:55:00,loss,2.0,-199.99999999981813,-0.1999999999998181,0.01,1.5099999999999758,9800.000000000182
85,2024-09-13 16:00:00,SWEEP_bullish,buy,2574.62,2574.42,2575.02,2574.42,2024-09-13 16:05:00,loss,2.0,-199.99999999981813,-0.1999999999998181,0.01,1.793333333333309,9800.000000000182
86,2024-09-13 16:25:00,SWEEP_bullish,buy,2577.01,2576.8100000000004,2577.4100000000003,2576.8100000000004,2024-09-13 16:30:00,loss,2.0,-199.99999999981813,-0.1999999999998181,0.01,2.4326666666666523,9800.000000000182
87,2024-09-16 09:00:00,SWEEP_bullish,buy,2588.21,2588.01,2588.61,2588.01,2024-09-16 09:05:00,loss,2.0,-199.99999999981813,-0.1999999999998181,0.01,1.0379999999999805,9800.000000000182
88,2024-09-16 10:20:00,SWEEP_bearish,sell,2582.08,2582.2799999999997,2581.68,2582.2799999999997,2024-09-16 10:25:00,loss,2.0,-199.99999999981813,-0.1999999999998181,0.01,1.733333333333303,9800.000000000182
89,2024-09-16 11:40:00,SWEEP_bullish,buy,2586.98,2586.78,2587.38,2586.78,2024-09-16 11:45:00,loss,2.0,-199.99999999981813,-0.1999999999998181,0.01,1.6393333333332825,9800.000000000182
90,2024-09-16 16:15:00,SWEEP_bullish,buy,2584.36,2584.1600000000003,2584.76,2584.1600000000003,2024-09-16 16:20:00,loss,2.0,-199.99999999981813,-0.1999999999998181,0.01,1.9959999999999734,9800.000000000182
91,2024-09-16 16:35:00,SWEEP_bullish,buy,2584.43,2584.23,2584.83,2584.23,2024-09-16 16:40:00,loss,2.0,-199.99999999981813,-0.1999999999998181,0.01,2.1266666666666727,9800.000000000182
92,2024-09-16 16:55:00,SWEEP_bullish,buy,2587.98,2587.78,2588.38,2587.78,2024-09-16 17:00:00,loss,2.0,-199.99999999981813,-0.1999999999998181,0.01,2.232000000000062,9800.000000000182
93,2024-09-17 08:15:00,SWEEP_bearish,sell,2575.69,2575.89,2575.29,2575.89,2024-09-17 08:20:00,loss,2.0,-199.99999999981813,-0.1999999999998181,0.01,1.3613333333333686,9800.000000000182
94,2024-09-17 09:05:00,SWEEP_bullish,buy,2581.09,2580.8900000000003,2581.4900000000002,2580.8900000000003,2024-09-17 09:10:00,loss,2.0,-199.99999999981813,-0.1999999999998181,0.01,1.2579999999999927,9800.000000000182
95,2024-09-17 09:45:00,SWEEP_bullish,buy,2585.16,2584.96,2585.56,2584.96,2024-09-17 09:50:00,loss,2.0,-199.99999999981813,-0.1999999999998181,0.01,1.4773333333333842,9800.000000000182
96,2024-09-17 11:05:00,SWEEP_bearish,sell,2582.71,2582.91,2582.31,2582.91,2024-09-17 11:10:00,loss,2.0,-199.99999999981813,-0.1999999999998181,0.01,1.2873333333333903,9800.000000000182
97,2024-09-17 11:30:00,SWEEP_bearish,sell,2582.2,2582.3999999999996,2581.7999999999997,2582.3999999999996,2024-09-17 11:35:00,loss,2.0,-199.99999999981813,-0.1999999999998181,0.01,1.3953333333334135,9800.000000000182
98,2024-09-17 13:40:00,SWEEP_bearish,sell,2571.54,2571.74,2571.14,2571.14,2024-09-17 13:45:00,win,2.0,400.000000000091,0.40000000000009095,0.01,1.883333333333303,10400.000000000091
99,2024-09-17 14:45:00,SWEEP_bullish,buy,2578.74,2578.54,2579.14,2578.54,2024-09-17 14:50:00,loss,2.0,-199.99999999981813,-0.1999999999998181,0.01,1.7786666666667164,9800.000000000182
100,2024-09-17 15:15:00,SWEEP_bullish,buy,2579.69,2579.4900000000002,2580.09,2579.4900000000002,2024-09-17 15:20:00,loss,2.0,-199.99999999981813,-0.1999999999998181,0.01,1.8606666666666873,9800.000000000182
101,2024-09-18 08:25:00,SWEEP_bearish,sell,2566.76,2566.96,2566.36,2566.96,2024-09-18 08:30:00,loss,2.0,-199.99999999981813,-0.1999999999998181,0.01,1.1953333333334133,9800.000000000182
102,2024-09-18 09:40:00,SWEEP_bullish,buy,2568.27,2568.07,2568.67,2568.67,2024-09-18 09:45:00,win,2.0,400.000000000091,0.40000000000009095,0.01,1.2346666666667867,10400.000000000091
103,2024-09-18 11:40:00,SWEEP_bearish,sell,2569.19,2569.39,2568.79,2569.39,2024-09-18 11:45:00,loss,2.0,-199.99999999981813,-0.1999999999998181,0.01,1.1840000000000448,9800.000000000182
104,2024-09-18 13:35:00,SWEEP_bullish,buy,2576.19,2575.9900000000002,2576.59,2575.9900000000002,2024-09-18 13:40:00,loss,2.0,-199.99999999981813,-0.1999999999998181,0.01,1.4446666666666714,9800.000000000182
105,2024-09-18 13:50:00,SWEEP_bullish,buy,2576.28,2576.0800000000004,2576.6800000000003,2576.0800000000004,2024-09-18 13:55:00,loss,2.0,-199.99999999981813,-0.1999999999998181,0.01,1.5593333333333248,9800.000000000182
106,2024-09-18 14:45:00,SWEEP_bullish,buy,2578.58,2578.38,2578.98,2578.38,2024-09-18 14:50:00,loss,2.0,-199.99999999981813,-0.1999999999998181,0.01,1.5026666666666642,9800.000000000182
107,2024-09-18 15:35:00,SWEEP_bearish,sell,2575.26,2575.46,2574.86,2575.46,2024-09-18 15:40:00,loss,2.0,-199.99999999981813,-0.1999999999998181,0.01,1.5093333333332946,9800.000000000182
108,2024-09-18 16:55:00,SWEEP_bearish,sell,2571.9,2572.1,2571.5,2572.1,2024-09-18 17:00:00,loss,2.0,-199.99999999981813,-0.1999999999998181,0.01,2.140000000000024,9800.000000000182
109,2024-09-19 08:30:00,SWEEP_bullish,buy,2567.83,2567.63,2568.23,2567.63,2024-09-19 08:35:00,loss,2.0,-199.99999999981813,-0.1999999999998181,0.01,1.307333333333342,9800.000000000182
110,2024-09-19 10:50:00,SWEEP_bullish,buy,2581.83,2581.63,2582.23,2582.23,2024-09-19 10:55:00,win,2.0,400.000000000091,0.40000000000009095,0.01,2.109333333333325,10400.000000000091
111,2024-09-19 11:00:00,SWEEP_bullish,buy,2582.02,2581.82,2582.42,2581.82,2024-09-19 11:05:00,loss,2.0,-199.99999999981813,-0.1999999999998181,0.01,2.234666666666696,9800.000000000182
112,2024-09-19 14:10:00,SWEEP_bearish,sell,2586.27,2586.47,2585.87,2585.87,2024-09-19 14:15:00,win,2.0,400.000000000091,0.40000000000009095,0.01,1.9113333333333684,10400.000000000091
113,2024-09-19 15:15:00,SWEEP_bullish,buy,2588.98,2588.78,2589.38,2589.38,2024-09-19 15:20:00,win,2.0,400.000000000091,0.40000000000009095,0.01,1.845333333333383,10400.000000000091
114,2024-09-19 16:50:00,SWEEP_bearish,sell,2574.64,2574.8399999999997,2574.24,2574.8399999999997,2024-09-19 16:55:00,loss,2.0,-199.99999999981813,-0.1999999999998181,0.01,3.987999999999859,9800.000000000182
115,2024-09-20 14:10:00,SWEEP_bullish,buy,2612.01,2611.8100000000004,2612.4100000000003,2611.8100000000004,2024-09-20 14:15:00,loss,2.0,-199.99999999981813,-0.1999999999998181,0.01,1.8020000000000134,9800.000000000182
116,2024-09-20 15:05:00,SWEEP_bullish,buy,2614.64,2614.44,2615.04,2614.44,2024-09-20 15:10:00,loss,2.0,-199.99999999981813,-0.1999999999998181,0.01,2.0626666666667006,9800.000000000182
117,2024-09-20 15:25:00,SWEEP_bullish,buy,2617.29,2617.09,2617.69,2617.09,2024-09-20 15:30:00,loss,2.0,-199.99999999981813,-0.1999999999998181,0.01,1.9786666666667163,9800.000000000182
118,2024-09-20 16:15:00,SWEEP_bearish,sell,2612.84,2613.04,2612.44,2613.04,2024-09-20 16:20:00,loss,2.0,-199.99999999981813,-0.1999999999998181,0.01,2.440666666666675,9800.000000000182
3,2024-09-23 08:50:00,FVG_bearish,sell,2629.27,2629.47,2628.87,2629.47,2024-09-23 08:55:00,loss,2.0,-199.99999999981813,-0.1999999999998181,0.01,1.1913333333333866,9800.000000000182
119,2024-09-23 09:25:00,SWEEP_bearish,sell,2628.4,2628.6,2628.0,2628.6,2024-09-23 09:30:00,loss,2.0,-199.99999999981813,-0.1999999999998181,0.01,1.4806666666666994,9800.000000000182
120,2024-09-23 13:15:00,SWEEP_bullish,buy,2622.8,2622.6000000000004,2623.2000000000003,2622.6000000000004,2024-09-23 13:20:00,loss,2.0,-199.99999999981813,-0.1999999999998181,0.01,1.285999999999937,9800.000000000182
121,2024-09-23 14:10:00,SWEEP_bullish,buy,2622.17,2621.9700000000003,2622.57,2622.57,2024-09-23 14:15:00,win,2.0,400.000000000091,0.40000000000009095,0.01,1.4000000000000303,10400.000000000091
122,2024-09-23 14:20:00,SWEEP_bullish,buy,2622.07,2621.8700000000003,2622.4700000000003,2622.4700000000003,2024-09-23 14:25:00,win,2.0,400.000000000091,0.40000000000009095,0.01,1.4380000000000412,10400.000000000091
123,2024-09-23 14:35:00,SWEEP_bullish,buy,2623.81,2623.61,2624.21,2623.61,2024-09-23 14:40:00,loss,2.0,-199.99999999981813,-0.1999999999998181,0.01,1.5566666666667213,9800.000000000182
124,2024-09-23 15:25:00,SWEEP_bearish,sell,2621.82,2622.02,2621.42,2622.02,2024-09-23 15:30:00,loss,2.0,-199.99999999981813,-0.1999999999998181,0.01,1.882666666666743,9800.000000000182
125,2024-09-23 16:15:00,SWEEP_bullish,buy,2627.84,2627.6400000000003,2628.2400000000002,2627.6400000000003,2024-09-23 16:20:00,loss,2.0,-199.99999999981813,-0.1999999999998181,0.01,2.028000000000035,9800.000000000182
126,2024-09-23 16:45:00,SWEEP_bullish,buy,2630.25,2630.05,2630.65,2630.05,2024-09-23 16:50:00,loss,2.0,-199.99999999981813,-0.1999999999998181,0.01,2.418000000000029,9800.000000000182
127,2024-09-24 08:00:00,SWEEP_bullish,buy,2637.35,2637.15,2637.75,2637.15,2024-09-24 08:05:00,loss,2.0,-199.99999999981813,-0.1999999999998181,0.01,1.307333333333342,9800.000000000182
128,2024-09-24 09:00:00,SWEEP_bearish,sell,2627.02,2627.22,2626.62,2627.22,2024-09-24 09:05:00,loss,2.0,-199.99999999981813,-0.1999999999998181,0.01,2.2879999999999807,9800.000000000182
129,2024-09-24 10:40:00,SWEEP_bearish,sell,2625.29,2625.49,2624.89,2625.49,2024-09-24 10:45:00,loss,2.0,-199.99999999981813,-0.1999999999998181,0.01,2.1173333333334083,9800.000000000182
130,2024-09-24 13:10:00,SWEEP_bullish,buy,2631.7,2631.5,2632.1,2631.5,2024-09-24 13:15:00,loss,2.0,-199.99999999981813,-0.1999999999998181,0.01,1.395333333333292,9800.000000000182
131,2024-09-24 13:40:00,SWEEP_bullish,buy,2634.74,2634.54,2635.14,2634.54,2024-09-24 13:45:00,loss,2.0,-199.99999999981813,-0.1999999999998181,0.01,1.4473333333332448,9800.000000000182
132,2024-09-24 14:45:00,SWEEP_bearish,sell,2626.45,2626.6499999999996,2626.0499999999997,2626.6499999999996,2024-09-24 14:50:00,loss,2.0,-199.99999999981813,-0.1999999999998181,0.01,2.0886666666666316,9800.000000000182
133,2024-09-24 16:10:00,SWEEP_bullish,buy,2632.71,2632.51,2633.11,2633.11,2024-09-24 16:15:00,win,2.0,400.000000000091,0.40000000000009095,0.01,2.5733333333333275,10400.000000000091
134,2024-09-25 08:10:00,SWEEP_bearish,sell,2659.33,2659.5299999999997,2658.93,2659.5299999999997,2024-09-25 08:15:00,loss,2.0,-199.99999999981813,-0.1999999999998181,0.01,1.2406666666666752,9800.000000000182
135,2024-09-25 08:30:00,SWEEP_bearish,sell,2657.38,2657.58,2656.98,2657.58,2024-09-25 08:35:00,loss,2.0,-199.99999999981813,-0.1999999999998181,0.01,1.3800000000000485,9800.000000000182
136,2024-09-25 08:50:00,SWEEP_bearish,sell,2657.85,2658.0499999999997,2657.45,2658.0499999999997,2024-09-25 08:55:00,loss,2.0,-199.99999999981813,-0.1999999999998181,0.01,1.6553333333333589,9800.000000000182
137,2024-09-25 15:05:00,SWEEP_bullish,buy,2658.21,2658.01,2658.61,2658.01,2024-09-25 15:10:00,loss,2.0,-199.99999999981813,-0.1999999999998181,0.01,1.555999999999949,9800.000000000182
138,2024-09-25 15:15:00,SWEEP_bullish,buy,2658.82,2658.6200000000003,2659.2200000000003,2658.6200000000003,2024-09-25 15:20:00,loss,2.0,-199.99999999981813,-0.1999999999998181,0.01,1.5766666666666425,9800.000000000182
139,2024-09-25 16:25:00,SWEEP_bullish,buy,2664.24,2664.04,2664.64,2664.04,2024-09-25 16:30:00,loss,2.0,-199.99999999981813,-0.1999999999998181,0.01,2.038666666666662,9800.000000000182
140,2024-09-26 08:30:00,SWEEP_bullish,buy,2663.05,2662.8500000000004,2663.4500000000003,2662.8500000000004,2024-09-26 08:35:00,loss,2.0,-199.99999999981813,-0.1999999999998181,0.01,0.8586666666666739,9800.000000000182
141,2024-09-26 09:15:00,SWEEP_bearish,sell,2660.08,2660.2799999999997,2659.68,2660.2799999999997,2024-09-26 09:20:00,loss,2.0,-199.99999999981813,-0.1999999999998181,0.01,1.5060000000000704,9800.000000000182
142,2024-09-26 10:55:00,SWEEP_bullish,buy,2664.84,2664.6400000000003,2665.2400000000002,2665.2400000000002,2024-09-26 11:00:00,win,2.0,400.000000000091,0.40000000000009095,0.01,1.6600000000000668,10400.000000000091
143,2024-09-26 11:20:00,SWEEP_bullish,buy,2666.57,2666.3700000000003,2666.9700000000003,2666.9700000000003,2024-09-26 11:25:00,win,2.0,400.000000000091,0.40000000000009095,0.01,1.8466666666666849,10400.000000000091
144,2024-09-26 11:40:00,SWEEP_bullish,buy,2668.9,2668.7000000000003,2669.3,2668.7000000000003,2024-09-26 11:45:00,loss,2.0,-199.99999999981813,-0.1999999999998181,0.01,1.8720000000000254,9800.000000000182
145,2024-09-26 15:40:00,SWEEP_bearish,sell,2673.4,2673.6,2673.0,2673.6,2024-09-26 15:45:00,loss,2.0,-199.99999999981813,-0.1999999999998181,0.01,3.876666666666703,9800.000000000182
146,2024-09-26 16:20:00,SWEEP_bearish,sell,2663.88,2664.08,2663.48,2664.08,2024-09-26 16:25:00,loss,2.0,-199.99999999981813,-0.1999999999998181,0.01,5.126000000000082,9800.000000000182
147,2024-09-26 16:50:00,SWEEP_bearish,sell,2660.07,2660.27,2659.67,2660.27,2024-09-26 16:55:00,loss,2.0,-199.99999999981813,-0.1999999999998181,0.01,5.838000000000071,9800.000000000182
148,2024-09-27 10:35:00,SWEEP_bearish,sell,2662.65,2662.85,2662.25,2662.85,2024-09-27 10:40:00,loss,2.0,-199.99999999981813,-0.1999999999998181,0.01,2.2306666666666692,9800.000000000182
149,2024-09-27 15:15:00,SWEEP_bearish,sell,2664.08,2664.2799999999997,2663.68,2664.2799999999997,2024-09-27 15:20:00,loss,2.0,-199.99999999981813,-0.1999999999998181,0.01,1.497333333333366,9800.000000000182
150,2024-09-27 15:45:00,SWEEP_bullish,buy,2670.18,2669.98,2670.58,2669.98,2024-09-27 15:50:00,loss,2.0,-199.99999999981813,-0.1999999999998181,0.01,2.3539999999999965,9800.000000000182
151,2024-09-30 08:45:00,SWEEP_bullish,buy,2658.34,2658.1400000000003,2658.7400000000002,2658.1400000000003,2024-09-30 08:50:00,loss,2.0,-199.99999999981813,-0.1999999999998181,0.01,1.280666666666669,9800.000000000182
152,2024-09-30 08:50:00,SWEEP_bullish,buy,2658.21,2658.01,2658.61,2658.01,2024-09-30 08:55:00,loss,2.0,-199.99999999981813,-0.1999999999998181,0.01,1.3320000000000012,9800.000000000182
153,2024-09-30 13:05:00,SWEEP_bearish,sell,2649.32,2649.52,2648.92,2648.92,2024-09-30 13:10:00,win,2.0,400.000000000091,0.40000000000009095,0.01,1.7673333333332872,10400.000000000091
154,2024-09-30 14:00:00,SWEEP_bearish,sell,2637.25,2637.45,2636.85,2637.45,2024-09-30 14:05:00,loss,2.0,-199.99999999981813,-0.1999999999998181,0.01,2.1493333333333187,9800.000000000182
155,2024-09-30 15:45:00,SWEEP_bearish,sell,2636.11,2636.31,2635.71,2636.31,2024-09-30 15:50:00,loss,2.0,-199.99999999981813,-0.1999999999998181,0.01,2.1393333333332523,9800.000000000182
156,2024-09-30 16:45:00,SWEEP_bearish,sell,2633.37,2633.5699999999997,2632.97,2633.5699999999997,2024-09-30 16:50:00,loss,2.0,-199.99999999981813,-0.1999999999998181,0.01,2.993333333333309,9800.000000000182
157,2024-10-01 08:45:00,SWEEP_bullish,buy,2642.68,2642.48,2643.08,2642.48,2024-10-01 08:50:00,loss,2.0,-199.99999999981813,-0.1999999999998181,0.01,1.1153333333333042,9800.000000000182
158,2024-10-01 08:50:00,SWEEP_bullish,buy,2642.36,2642.1600000000003,2642.76,2642.1600000000003,2024-10-01 08:55:00,loss,2.0,-199.99999999981813,-0.1999999999998181,0.01,1.1799999999999575,9800.000000000182
159,2024-10-01 09:10:00,SWEEP_bullish,buy,2643.65,2643.4500000000003,2644.05,2643.4500000000003,2024-10-01 09:15:00,loss,2.0,-199.99999999981813,-0.1999999999998181,0.01,1.2946666666666715,9800.000000000182
160,2024-10-01 10:00:00,SWEEP_bullish,buy,2644.31,2644.11,2644.71,2644.11,2024-10-01 10:05:00,loss,2.0,-199.99999999981813,-0.1999999999998181,0.01,1.2706666666666933,9800.000000000182
161,2024-10-01 10:35:00,SWEEP_bearish,sell,2643.65,2643.85,2643.25,2643.85,2024-10-01 10:40:00,loss,2.0,-199.99999999981813,-0.1999999999998181,0.01,1.380000000000018,9800.000000000182
162,2024-10-01 13:25:00,SWEEP_bullish,buy,2649.08,2648.88,2649.48,2648.88,2024-10-01 13:30:00,loss,2.0,-199.99999999981813,-0.1999999999998181,0.01,1.3033333333332544,9800.000000000182
163,2024-10-01 15:25:00,SWEEP_bullish,buy,2655.71,2655.51,2656.11,2655.51,2024-10-01 15:30:00,loss,2.0,-199.99999999981813,-0.1999999999998181,0.01,1.9273333333333236,9800.000000000182
164,2024-10-01 16:35:00,SWEEP_bullish,buy,2661.8,2661.6000000000004,2662.2000000000003,2661.6000000000004,2024-10-01 16:40:00,loss,2.0,-199.99999999981813,-0.1999999999998181,0.01,3.1900000000000244,9800.000000000182
165,2024-10-01 16:55:00,SWEEP_bullish,buy,2668.05,2667.8500000000004,2668.4500000000003,2667.8500000000004,2024-10-01 17:00:00,loss,2.0,-199.99999999981813,-0.1999999999998181,0.01,4.051999999999983,9800.000000000182
166,2024-10-02 10:10:00,SWEEP_bullish,buy,2652.8,2652.6000000000004,2653.2000000000003,2652.6000000000004,2024-10-02 10:15:00,loss,2.0,-199.99999999981813,-0.1999999999998181,0.01,1.6066666666666607,9800.000000000182
167,2024-10-02 10:35:00,SWEEP_bullish,buy,2653.63,2653.4300000000003,2654.03,2653.4300000000003,2024-10-02 10:40:00,loss,2.0,-199.99999999981813,-0.1999999999998181,0.01,1.6439999999999297,9800.000000000182
168,2024-10-02 11:00:00,SWEEP_bullish,buy,2653.41,2653.21,2653.81,2653.21,2024-10-02 11:05:00,loss,2.0,-199.99999999981813,-0.1999999999998181,0.01,1.5753333333333104,9800.000000000182
169,2024-10-02 13:40:00,SWEEP_bearish,sell,2651.45,2651.6499999999996,2651.0499999999997,2651.0499999999997,2024-10-02 13:45:00,win,2.0,400.000000000091,0.40000000000009095,0.01,1.3180000000000291,10400.000000000091
170,2024-10-02 15:35:00,SWEEP_bullish,buy,2651.08,2650.88,2651.48,2650.88,2024-10-02 15:40:00,loss,2.0,-199.99999999981813,-0.1999999999998181,0.01,2.3986666666667285,9800.000000000182
171,2024-10-02 16:05:00,SWEEP_bullish,buy,2651.59,2651.3900000000003,2651.9900000000002,2651.3900000000003,2024-10-02 16:10:00,loss,2.0,-199.99999999981813,-0.1999999999998181,0.01,2.921333333333314,9800.000000000182
172,2024-10-03 08:35:00,SWEEP_bearish,sell,2652.39,2652.5899999999997,2651.99,2652.5899999999997,2024-10-03 08:40:00,loss,2.0,-199.99999999981813,-0.1999999999998181,0.01,1.080666666666669,9800.000000000182
173,2024-10-03 09:45:00,SWEEP_bullish,buy,2656.3,2656.1000000000004,2656.7000000000003,2656.1000000000004,2024-10-03 09:50:00,loss,2.0,-199.99999999981813,-0.1999999999998181,0.01,1.5233333333333576,9800.000000000182
174,2024-10-03 10:30:00,SWEEP_bearish,sell,2649.33,2649.5299999999997,2648.93,2649.5299999999997,2024-10-03 10:35:00,loss,2.0,-199.99999999981813,-0.1999999999998181,0.01,1.7113333333333685,9800.000000000182
175,2024-10-03 11:15:00,SWEEP_bearish,sell,2644.06,2644.2599999999998,2643.66,2644.2599999999998,2024-10-03 11:20:00,loss,2.0,-199.99999999981813,-0.1999999999998181,0.01,2.097333333333245,9800.000000000182
176,2024-10-03 14:55:00,SWEEP_bullish,buy,2647.76,2647.5600000000004,2648.1600000000003,2648.1600000000003,2024-10-03 15:00:00,win,2.0,400.000000000091,0.40000000000009095,0.01,1.516000000000046,10400.000000000091
177,2024-10-03 15:30:00,SWEEP_bullish,buy,2647.91,2647.71,2648.31,2647.71,2024-10-03 15:35:00,loss,2.0,-199.99999999981813,-0.1999999999998181,0.01,1.9246666666666896,9800.000000000182
178,2024-10-03 16:00:00,SWEEP_bearish,sell,2643.88,2644.08,2643.48,2644.08,2024-10-03 16:05:00,loss,2.0,-199.99999999981813,-0.1999999999998181,0.01,2.372666666666646,9800.000000000182
179,2024-10-04 08:55:00,SWEEP_bullish,buy,2667.26,2667.0600000000004,2667.6600000000003,2667.0600000000004,2024-10-04 09:00:00,loss,2.0,-199.99999999981813,-0.1999999999998181,0.01,0.8673333333333783,9800.000000000182
180,2024-10-04 13:45:00,SWEEP_bullish,buy,2659.42,2659.2200000000003,2659.82,2659.2200000000003,2024-10-04 13:50:00,loss,2.0,-199.99999999981813,-0.1999999999998181,0.01,1.1066666666667213,9800.000000000182
181,2024-10-04 14:35:00,SWEEP_bullish,buy,2659.69,2659.4900000000002,2660.09,2660.09,2024-10-04 14:40:00,win,2.0,400.000000000091,0.40000000000009095,0.01,1.120666666666663,10400.000000000091
182,2024-10-04 14:55:00,SWEEP_bullish,buy,2661.21,2661.01,2661.61,2661.01,2024-10-04 15:00:00,loss,2.0,-199.99999999981813,-0.1999999999998181,0.01,1.1946666666666108,9800.000000000182
183,2024-10-04 15:55:00,SWEEP_bearish,sell,2638.62,2638.8199999999997,2638.22,2638.8199999999997,2024-10-04 16:00:00,loss,2.0,-199.99999999981813,-0.1999999999998181,0.01,4.429999999999988,9800.000000000182
184,2024-10-07 08:40:00,SWEEP_bearish,sell,2642.75,2642.95,2642.35,2642.35,2024-10-07 08:45:00,win,2.0,400.000000000091,0.40000000000009095,0.01,0.9439999999999903,10400.000000000091
185,2024-10-07 10:25:00,SWEEP_bullish,buy,2645.08,2644.88,2645.48,2645.48,2024-10-07 10:30:00,win,2.0,400.000000000091,0.40000000000009095,0.01,1.7280000000000655,10400.000000000091
186,2024-10-07 11:10:00,SWEEP_bullish,buy,2653.49,2653.29,2653.89,2653.29,2024-10-07 11:15:00,loss,2.0,-199.99999999981813,-0.1999999999998181,0.01,2.0013333333333927,9800.000000000182
187,2024-10-07 13:05:00,SWEEP_bullish,buy,2656.78,2656.5800000000004,2657.1800000000003,2656.5800000000004,2024-10-07 13:10:00,loss,2.0,-199.99999999981813,-0.1999999999998181,0.01,1.5006666666666206,9800.000000000182
188,2024-10-07 14:55:00,SWEEP_bullish,buy,2657.12,2656.92,2657.52,2656.92,2024-10-07 15:00:00,loss,2.0,-199.99999999981813,-0.1999999999998181,0.01,1.4566666666666606,9800.000000000182
189,2024-10-07 15:40:00,SWEEP_bearish,sell,2643.32,2643.52,2642.92,2643.52,2024-10-07 15:45:00,loss,2.0,-199.99999999981813,-0.1999999999998181,0.01,2.1820000000000315,9800.000000000182
190,2024-10-07 15:55:00,SWEEP_bearish,sell,2640.29,2640.49,2639.89,2640.49,2024-10-07 16:00:00,loss,2.0,-199.99999999981813,-0.1999999999998181,0.01,2.516000000000046,9800.000000000182
191,2024-10-08 09:10:00,SWEEP_bullish,buy,2645.31,2645.11,2645.71,2645.11,2024-10-08 09:15:00,loss,2.0,-199.99999999981813,-0.1999999999998181,0.01,1.6026666666666338,9800.000000000182
192,2024-10-08 09:35:00,SWEEP_bearish,sell,2641.01,2641.21,2640.61,2640.61,2024-10-08 09:40:00,win,2.0,400.000000000091,0.40000000000009095,0.01,1.8119999999999892,10400.000000000091
193,2024-10-08 09:55:00,SWEEP_bearish,sell,2636.54,2636.74,2636.14,2636.14,2024-10-08 10:00:00,win,2.0,400.000000000091,0.40000000000009095,0.01,1.8259999999999914,10400.000000000091
194,2024-10-08 10:05:00,SWEEP_bearish,sell,2635.45,2635.6499999999996,2635.0499999999997,2635.6499999999996,2024-10-08 10:10:00,loss,2.0,-199.99999999981813,-0.1999999999998181,0.01,2.2453333333333223,9800.000000000182
195,2024-10-08 11:20:00,SWEEP_bearish,sell,2632.2,2632.3999999999996,2631.7999999999997,2632.3999999999996,2024-10-08 11:25:00,loss,2.0,-199.99999999981813,-0.1999999999998181,0.01,2.5099999999999456,9800.000000000182
196,2024-10-08 11:40:00,SWEEP_bullish,buy,2638.16,2637.96,2638.56,2637.96,2024-10-08 11:45:00,loss,2.0,-199.99999999981813,-0.1999999999998181,0.01,2.6726666666666765,9800.000000000182
197,2024-10-08 13:20:00,SWEEP_bullish,buy,2640.37,2640.17,2640.77,2640.77,2024-10-08 13:25:00,win,2.0,400.000000000091,0.40000000000009095,0.01,1.4220000000000255,10400.000000000091
198,2024-10-08 14:10:00,SWEEP_bullish,buy,2646.09,2645.8900000000003,2646.4900000000002,2646.4900000000002,2024-10-08 14:15:00,win,2.0,400.000000000091,0.40000000000009095,0.01,1.7733333333333272,10400.000000000091
199,2024-10-08 15:00:00,SWEEP_bullish,buy,2649.37,2649.17,2649.77,2649.17,2024-10-08 15:05:00,loss,2.0,-199.99999999981813,-0.1999999999998181,0.01,1.94399999999996,9800.000000000182
200,2024-10-08 15:20:00,SWEEP_bullish,buy,2651.74,2651.54,2652.14,2651.54,2024-10-08 15:25:00,loss,2.0,-199.99999999981813,-0.1999999999998181,0.01,2.023999999999948,9800.000000000182
201,2024-10-08 15:25:00,SWEEP_bullish,buy,2648.7,2648.5,2649.1,2648.5,2024-10-08 15:30:00,loss,2.0,-199.99999999981813,-0.1999999999998181,0.01,2.1899999999999635,9800.000000000182
202,2024-10-09 08:10:00,SWEEP_bullish,buy,2620.5,2620.3,2620.9,2620.3,2024-10-09 08:15:00,loss,2.0,-199.99999999981813,-0.1999999999998181,0.01,1.1513333333333018,9800.000000000182
203,2024-10-09 08:35:00,SWEEP_bullish,buy,2623.52,2623.32,2623.92,2623.32,2024-10-09 08:40:00,loss,2.0,-199.99999999981813,-0.1999999999998181,0.01,1.2893333333332522,9800.000000000182
204,2024-10-09 09:20:00,SWEEP_bearish,sell,2615.37,2615.5699999999997,2614.97,2615.5699999999997,2024-10-09 09:25:00,loss,2.0,-199.99999999981813,-0.1999999999998181,0.01,1.7706666666666024,9800.000000000182
205,2024-10-09 09:45:00,SWEEP_bearish,sell,2612.52,2612.72,2612.12,2612.72,2024-10-09 09:50:00,loss,2.0,-199.99999999981813,-0.1999999999998181,0.01,1.9946666666666413,9800.000000000182
206,2024-10-09 09:55:00,SWEEP_bearish,sell,2612.84,2613.04,2612.44,2612.44,2024-10-09 10:00:00,win,2.0,400.000000000091,0.40000000000009095,0.01,1.9359999999999975,10400.000000000091
207,2024-10-09 10:10:00,SWEEP_bearish,sell,2611.73,2611.93,2611.33,2611.93,2024-10-09 10:15:00,loss,2.0,-199.99999999981813,-0.1999999999998181,0.01,2.147999999999956,9800.000000000182
208,2024-10-09 11:40:00,SWEEP_bullish,buy,2615.46,2615.26,2615.86,2615.26,2024-10-09 11:45:00,loss,2.0,-199.99999999981813,-0.1999999999998181,0.01,1.8579999999999623,9800.000000000182
209,2024-10-09 14:00:00,SWEEP_bullish,buy,2620.63,2620.4300000000003,2621.03,2620.4300000000003,2024-10-09 14:05:00,loss,2.0,-199.99999999981813,-0.1999999999998181,0.01,1.4346666666666048,9800.000000000182
210,2024-10-09 14:25:00,SWEEP_bullish,buy,2620.97,2620.77,2621.37,2620.77,2024-10-09 14:30:00,loss,2.0,-199.99999999981813,-0.1999999999998181,0.01,1.5033333333332546,9800.000000000182
211,2024-10-09 15:35:00,SWEEP_bearish,sell,2617.12,2617.3199999999997,2616.72,2617.3199999999997,2024-10-09 15:40:00,loss,2.0,-199.99999999981813,-0.1999999999998181,0.01,1.8906666666666145,9800.000000000182
212,2024-10-09 15:40:00,SWEEP_bearish,sell,2617.33,2617.5299999999997,2616.93,2617.5299999999997,2024-10-09 15:45:00,loss,2.0,-199.99999999981813,-0.1999999999998181,0.01,1.9179999999999382,9800.000000000182
213,2024-10-09 16:10:00,SWEEP_bearish,sell,2615.87,2616.0699999999997,2615.47,2616.0699999999997,2024-10-09 16:15:00,loss,2.0,-199.99999999981813,-0.1999999999998181,0.01,2.206666666666661,9800.000000000182
214,2024-10-09 16:20:00,SWEEP_bearish,sell,2612.49,2612.6899999999996,2612.0899999999997,2612.6899999999996,2024-10-09 16:25:00,loss,2.0,-199.99999999981813,-0.1999999999998181,0.01,2.4860000000000277,9800.000000000182
215,2024-10-09 16:30:00,SWEEP_bearish,sell,2610.85,2611.0499999999997,2610.45,2611.0499999999997,2024-10-09 16:35:00,loss,2.0,-199.99999999981813,-0.1999999999998181,0.01,2.742000000000007,9800.000000000182
216,2024-10-10 08:45:00,SWEEP_bullish,buy,2614.32,2614.1200000000003,2614.7200000000003,2614.1200000000003,2024-10-10 08:50:00,loss,2.0,-199.99999999981813,-0.1999999999998181,0.01,1.043333333333309,9800.000000000182
217,2024-10-10 08:50:00,SWEEP_bullish,buy,2613.61,2613.4100000000003,2614.01,2613.4100000000003,2024-10-10 08:55:00,loss,2.0,-199.99999999981813,-0.1999999999998181,0.01,1.1013333333333322,9800.000000000182
218,2024-10-10 09:45:00,SWEEP_bearish,sell,2612.11,2612.31,2611.71,2611.71,2024-10-10 09:50:00,win,2.0,400.000000000091,0.40000000000009095,0.01,1.3633333333333515,10400.000000000091
219,2024-10-10 09:55:00,SWEEP_bearish,sell,2612.28,2612.48,2611.88,2612.48,2024-10-10 10:00:00,loss,2.0,-199.99999999981813,-0.1999999999998181,0.01,1.4126666666666703,9800.000000000182
220,2024-10-10 10:05:00,SWEEP_bearish,sell,2611.91,2612.1099999999997,2611.5099999999998,2612.1099999999997,2024-10-10 10:10:00,loss,2.0,-199.99999999981813,-0.1999999999998181,0.01,1.439999999999994,9800.000000000182
221,2024-10-10 10:15:00,SWEEP_bearish,sell,2611.08,2611.2799999999997,2610.68,2611.2799999999997,2024-10-10 10:20:00,loss,2.0,-199.99999999981813,-0.1999999999998181,0.01,1.491333333333326,9800.000000000182
222,2024-10-10 14:00:00,SWEEP_bullish,buy,2617.15,2616.9500000000003,2617.55,2616.9500000000003,2024-10-10 14:05:00,loss,2.0,-199.99999999981813,-0.1999999999998181,0.01,1.168000000000029,9800.000000000182
223,2024-10-10 14:40:00,SWEEP_bearish,sell,2612.61,2612.81,2612.21,2612.81,2024-10-10 14:45:00,loss,2.0,-199.99999999981813,-0.1999999999998181,0.01,1.458666666666583,9800.000000000182
224,2024-10-10 15:30:00,SWEEP_bearish,sell,2620.49,2620.6899999999996,2620.0899999999997,2620.6899999999996,2024-10-10 15:35:00,loss,2.0,-199.99999999981813,-0.1999999999998181,0.01,2.897999999999956,9800.000000000182
225,2024-10-10 15:35:00,SWEEP_bullish,buy,2617.93,2617.73,2618.33,2617.73,2024-10-10 15:40:00,loss,2.0,-199.99999999981813,-0.1999999999998181,0.01,3.221333333333314,9800.000000000182
226,2024-10-10 15:50:00,SWEEP_bullish,buy,2623.4,2623.2000000000003,2623.8,2623.2000000000003,2024-10-10 15:55:00,loss,2.0,-199.99999999981813,-0.1999999999998181,0.01,3.821333333333344,9800.000000000182
227,2024-10-10 16:05:00,SWEEP_bullish,buy,2623.29,2623.09,2623.69,2623.09,2024-10-10 16:10:00,loss,2.0,-199.99999999981813,-0.1999999999998181,0.01,4.616666666666697,9800.000000000182
228,2024-10-11 09:20:00,SWEEP_bullish,buy,2645.61,2645.4100000000003,2646.01,2645.4100000000003,2024-10-11 09:25:00,loss,2.0,-199.99999999981813,-0.1999999999998181,0.01,1.2220000000000861,9800.000000000182
229,2024-10-11 09:55:00,SWEEP_bearish,sell,2639.5,2639.7,2639.1,2639.1,2024-10-11 10:00:00,win,2.0,400.000000000091,0.40000000000009095,0.01,1.6253333333333708,10400.000000000091
230,2024-10-11 15:20:00,SWEEP_bullish,buy,2646.46,2646.26,2646.86,2646.26,2024-10-11 15:25:00,loss,2.0,-199.99999999981813,-0.1999999999998181,0.01,1.5013333333333625,9800.000000000182
231,2024-10-11 16:40:00,SWEEP_bullish,buy,2649.91,2649.71,2650.31,2649.71,2024-10-11 16:45:00,loss,2.0,-199.99999999981813,-0.1999999999998181,0.01,3.2580000000000533,9800.000000000182
232,2024-10-14 08:20:00,SWEEP_bullish,buy,2659.94,2659.7400000000002,2660.34,2659.7400000000002,2024-10-14 08:25:00,loss,2.0,-199.99999999981813,-0.1999999999998181,0.01,1.0220000000000862,9800.000000000182
233,2024-10-14 11:20:00,SWEEP_bearish,sell,2660.24,2660.4399999999996,2659.8399999999997,2660.4399999999996,2024-10-14 11:25:00,loss,2.0,-199.99999999981813,-0.1999999999998181,0.01,1.718000000000029,9800.000000000182
234,2024-10-14 15:20:00,SWEEP_bearish,sell,2652.72,2652.9199999999996,2652.3199999999997,2652.9199999999996,2024-10-14 15:25:00,loss,2.0,-199.99999999981813,-0.1999999999998181,0.01,1.85,9800.000000000182
235,2024-10-14 16:15:00,SWEEP_bearish,sell,2650.91,2651.1099999999997,2650.5099999999998,2651.1099999999997,2024-10-14 16:20:00,loss,2.0,-199.99999999981813,-0.1999999999998181,0.01,2.258666666666674,9800.000000000182
236,2024-10-15 09:45:00,SWEEP_bullish,buy,2646.87,2646.67,2647.27,2646.67,2024-10-15 09:50:00,loss,2.0,-199.99999999981813,-0.1999999999998181,0.01,1.9306666666666994,9800.000000000182
237,2024-10-15 10:30:00,SWEEP_bullish,buy,2651.71,2651.51,2652.11,2651.51,2024-10-15 10:35:00,loss,2.0,-199.99999999981813,-0.1999999999998181,0.01,1.839333333333434,9800.000000000182
238,2024-10-15 11:15:00,SWEEP_bullish,buy,2653.75,2653.55,2654.15,2653.55,2024-10-15 11:20:00,loss,2.0,-199.99999999981813,-0.1999999999998181,0.01,1.8826666666667733,9800.000000000182
239,2024-10-15 13:20:00,SWEEP_bullish,buy,2654.85,2654.65,2655.25,2655.25,2024-10-15 13:25:00,win,2.0,400.000000000091,0.40000000000009095,0.01,1.5226666666666764,10400.000000000091
240,2024-10-15 14:20:00,SWEEP_bearish,sell,2652.49,2652.6899999999996,2652.0899999999997,2652.0899999999997,2024-10-15 14:25:00,win,2.0,400.000000000091,0.40000000000009095,0.01,1.1846666666666654,10400.000000000091
241,2024-10-15 14:55:00,SWEEP_bearish,sell,2647.81,2648.0099999999998,2647.41,2648.0099999999998,2024-10-15 15:00:00,loss,2.0,-199.99999999981813,-0.1999999999998181,0.01,1.5506666666666509,9800.000000000182
4,2024-10-15 15:25:00,FVG_bearish,sell,2655.22,2655.4199999999996,2654.8199999999997,2655.4199999999996,2024-10-15 15:30:00,loss,2.0,-199.99999999981813,-0.1999999999998181,0.01,1.9100000000000363,9800.000000000182
242,2024-10-16 13:20:00,SWEEP_bearish,sell,2676.86,2677.06,2676.46,2677.06,2024-10-16 13:25:00,loss,2.0,-199.99999999981813,-0.1999999999998181,0.01,1.627333333333263,9800.000000000182
243,2024-10-16 13:35:00,SWEEP_bearish,sell,2674.95,2675.1499999999996,2674.5499999999997,2675.1499999999996,2024-10-16 13:40:00,loss,2.0,-199.99999999981813,-0.1999999999998181,0.01,1.6666666666665757,9800.000000000182
244,2024-10-16 14:55:00,SWEEP_bullish,buy,2678.38,2678.1800000000003,2678.78,2678.78,2024-10-16 15:00:00,win,2.0,400.000000000091,0.40000000000009095,0.01,1.3893333333333127,10400.000000000091
245,2024-10-16 15:05:00,SWEEP_bullish,buy,2680.1,2679.9,2680.5,2679.9,2024-10-16 15:10:00,loss,2.0,-199.99999999981813,-0.1999999999998181,0.01,1.478000000000035,9800.000000000182
246,2024-10-16 15:30:00,SWEEP_bullish,buy,2678.73,2678.53,2679.13,2678.53,2024-10-16 15:35:00,loss,2.0,-199.99999999981813,-0.1999999999998181,0.01,1.5693333333333612,9800.000000000182
247,2024-10-16 16:05:00,SWEEP_bullish,buy,2682.06,2681.86,2682.46,2681.86,2024-10-16 16:10:00,loss,2.0,-199.99999999981813,-0.1999999999998181,0.01,2.1233333333334183,9800.000000000182
248,2024-10-17 08:35:00,SWEEP_bullish,buy,2682.4,2682.2000000000003,2682.8,2682.2000000000003,2024-10-17 08:40:00,loss,2.0,-199.99999999981813,-0.1999999999998181,0.01,1.187333333333269,9800.000000000182
249,2024-10-17 08:55:00,SWEEP_bullish,buy,2683.32,2683.1200000000003,2683.7200000000003,2683.1200000000003,2024-10-17 09:00:00,loss,2.0,-199.99999999981813,-0.1999999999998181,0.01,1.294666666666611,9800.000000000182
250,2024-10-17 09:40:00,SWEEP_bullish,buy,2683.87,2683.67,2684.27,2683.67,2024-10-17 09:45:00,loss,2.0,-199.99999999981813,-0.1999999999998181,0.01,1.7460000000000035,9800.000000000182
251,2024-10-17 15:05:00,SWEEP_bearish,sell,2680.45,2680.6499999999996,2680.0499999999997,2680.0499999999997,2024-10-17 15:10:00,win,2.0,400.000000000091,0.40000000000009095,0.01,1.4926666666666886,10400.000000000091
252,2024-10-18 08:45:00,SWEEP_bullish,buy,2712.39,2712.19,2712.79,2712.19,2024-10-18 08:50:00,loss,2.0,-199.99999999981813,-0.1999999999998181,0.01,1.201333333333332,9800.000000000182
253,2024-10-18 09:30:00,SWEEP_bearish,sell,2705.87,2706.0699999999997,2705.47,2706.0699999999997,2024-10-18 09:35:00,loss,2.0,-199.99999999981813,-0.1999999999998181,0.01,2.2226666666666763,9800.000000000182
254,2024-10-18 11:00:00,SWEEP_bearish,sell,2703.94,2704.14,2703.54,2704.14,2024-10-18 11:05:00,loss,2.0,-199.99999999981813,-0.1999999999998181,0.01,1.7600000000000364,9800.000000000182
255,2024-10-18 14:30:00,SWEEP_bearish,sell,2710.23,2710.43,2709.83,2710.43,2024-10-18 14:35:00,loss,2.0,-199.99999999981813,-0.1999999999998181,0.01,1.7973333333333963,9800.000000000182
256,2024-10-18 15:35:00,SWEEP_bullish,buy,2715.21,2715.01,2715.61,2715.01,2024-10-18 15:40:00,loss,2.0,-199.99999999981813,-0.1999999999998181,0.01,1.8106666666666569,9800.000000000182
257,2024-10-18 16:15:00,SWEEP_bearish,sell,2706.88,2707.08,2706.48,2707.08,2024-10-18 16:20:00,loss,2.0,-199.99999999981813,-0.1999999999998181,0.01,2.2479999999999865,9800.000000000182
258,2024-10-18 16:20:00,SWEEP_bearish,sell,2708.17,2708.37,2707.77,2708.37,2024-10-18 16:25:00,loss,2.0,-199.99999999981813,-0.1999999999998181,0.01,2.411333333333308,9800.000000000182
259,2024-10-21 09:10:00,SWEEP_bearish,sell,2724.2,2724.3999999999996,2723.7999999999997,2724.3999999999996,2024-10-21 09:15:00,loss,2.0,-199.99999999981813,-0.1999999999998181,0.01,1.5240000000000389,9800.000000000182
260,2024-10-21 11:20:00,SWEEP_bullish,buy,2731.42,2731.2200000000003,2731.82,2731.82,2024-10-21 11:25:00,win,2.0,400.000000000091,0.40000000000009095,0.01,1.665999999999955,10400.000000000091
261,2024-10-21 15:30:00,SWEEP_bullish,buy,2737.63,2737.4300000000003,2738.03,2737.4300000000003,2024-10-21 15:35:00,loss,2.0,-199.99999999981813,-0.1999999999998181,0.01,1.8679999999999988,9800.000000000182
262,2024-10-21 16:10:00,SWEEP_bullish,buy,2737.47,2737.27,2737.87,2737.27,2024-10-21 16:15:00,loss,2.0,-199.99999999981813,-0.1999999999998181,0.01,2.403333333333315,9800.000000000182
263,2024-10-21 16:45:00,SWEEP_bullish,buy,2737.68,2737.48,2738.08,2737.48,2024-10-21 16:50:00,loss,2.0,-199.99999999981813,-0.1999999999998181,0.01,2.7093333333332947,9800.000000000182
264,2024-10-22 08:50:00,SWEEP_bearish,sell,2730.45,2730.6499999999996,2730.0499999999997,2730.6499999999996,2024-10-22 08:55:00,loss,2.0,-199.99999999981813,-0.1999999999998181,0.01,1.2599999999999758,9800.000000000182
265,2024-10-22 09:25:00,SWEEP_bullish,buy,2735.44,2735.2400000000002,2735.84,2735.2400000000002,2024-10-22 09:30:00,loss,2.0,-199.99999999981813,-0.1999999999998181,0.01,1.7673333333333479,9800.000000000182
266,2024-10-22 11:05:00,SWEEP_bearish,sell,2733.42,2733.62,2733.02,2733.62,2024-10-22 11:10:00,loss,2.0,-199.99999999981813,-0.1999999999998181,0.01,1.205333333333298,9800.000000000182
267,2024-10-22 13:45:00,SWEEP_bullish,buy,2737.91,2737.71,2738.31,2737.71,2024-10-22 13:50:00,loss,2.0,-199.99999999981813,-0.1999999999998181,0.01,1.70066666666656,9800.000000000182
268,2024-10-22 14:00:00,SWEEP_bullish,buy,2738.21,2738.01,2738.61,2738.01,2024-10-22 14:05:00,loss,2.0,-199.99999999981813,-0.1999999999998181,0.01,1.6913333333332654,9800.000000000182
269,2024-10-22 16:05:00,SWEEP_bullish,buy,2737.06,2736.86,2737.46,2736.86,2024-10-22 16:10:00,loss,2.0,-199.99999999981813,-0.1999999999998181,0.01,2.120000000000012,9800.000000000182
270,2024-10-22 16:35:00,SWEEP_bullish,buy,2739.05,2738.8500000000004,2739.4500000000003,2738.8500000000004,2024-10-22 16:40:00,loss,2.0,-199.99999999981813,-0.1999999999998181,0.01,2.1413333333333866,9800.000000000182
271,2024-10-23 08:10:00,SWEEP_bullish,buy,2748.74,2748.54,2749.14,2749.14,2024-10-23 08:15:00,win,2.0,400.000000000091,0.40000000000009095,0.01,1.2646666666666837,10400.000000000091
272,2024-10-23 09:40:00,SWEEP_bearish,sell,2749.87,2750.0699999999997,2749.47,2750.0699999999997,2024-10-23 09:45:00,loss,2.0,-199.99999999981813,-0.1999999999998181,0.01,1.6406666666667056,9800.000000000182
273,2024-10-23 11:30:00,SWEEP_bullish,buy,2757.01,2756.8100000000004,2757.4100000000003,2757.4100000000003,2024-10-23 11:35:00,win,2.0,400.000000000091,0.40000000000009095,0.01,1.2833333333332424,10400.000000000091
274,2024-10-23 13:50:00,SWEEP_bearish,sell,2751.49,2751.6899999999996,2751.0899999999997,2751.6899999999996,2024-10-23 13:55:00,loss,2.0,-199.99999999981813,-0.1999999999998181,0.01,1.4413333333333866,9800.000000000182
275,2024-10-23 15:50:00,SWEEP_bearish,sell,2742.94,2743.14,2742.54,2743.14,2024-10-23 15:55:00,loss,2.0,-199.99999999981813,-0.1999999999998181,0.01,2.3713333333333138,9800.000000000182
276,2024-10-23 15:55:00,SWEEP_bearish,sell,2743.23,2743.43,2742.83,2743.43,2024-10-23 16:00:00,loss,2.0,-199.99999999981813,-0.1999999999998181,0.01,2.4633333333333214,9800.000000000182
277,2024-10-24 08:05:00,SWEEP_bullish,buy,2726.01,2725.8100000000004,2726.4100000000003,2725.8100000000004,2024-10-24 08:10:00,loss,2.0,-199.99999999981813,-0.1999999999998181,0.01,1.0133333333332302,9800.000000000182
5,2024-10-24 08:20:00,FVG_bearish,sell,2727.66,2727.8599999999997,2727.2599999999998,2727.8599999999997,2024-10-24 08:25:00,loss,2.0,-199.99999999981813,-0.1999999999998181,0.01,1.0226666666665551,9800.000000000182
278,2024-10-24 08:20:00,SWEEP_bullish,buy,2727.66,2727.46,2728.06,2727.46,2024-10-24 08:25:00,loss,2.0,-199.99999999981813,-0.1999999999998181,0.01,1.0226666666665551,9800.000000000182
279,2024-10-24 09:40:00,SWEEP_bullish,buy,2734.37,2734.17,2734.77,2734.17,2024-10-24 09:45:00,loss,2.0,-199.99999999981813,-0.1999999999998181,0.01,1.627333333333263,9800.000000000182
280,2024-10-24 10:15:00,SWEEP_bullish,buy,2734.94,2734.7400000000002,2735.34,2734.7400000000002,2024-10-24 10:20:00,loss,2.0,-199.99999999981813,-0.1999999999998181,0.01,1.7286666666666255,9800.000000000182
281,2024-10-24 11:25:00,SWEEP_bullish,buy,2736.07,2735.8700000000003,2736.4700000000003,2736.4700000000003,2024-10-24 11:30:00,win,2.0,400.000000000091,0.40000000000009095,0.01,1.5933333333333697,10400.000000000091
282,2024-10-24 11:40:00,SWEEP_bullish,buy,2736.93,2736.73,2737.33,2736.73,2024-10-24 11:45:00,loss,2.0,-199.99999999981813,-0.1999999999998181,0.01,1.5379999999999805,9800.000000000182
283,2024-10-24 14:20:00,SWEEP_bearish,sell,2736.03,2736.23,2735.63,2736.23,2024-10-24 14:25:00,loss,2.0,-199.99999999981813,-0.1999999999998181,0.01,1.166666666666697,9800.000000000182
284,2024-10-24 16:10:00,SWEEP_bullish,buy,2739.71,2739.51,2740.11,2739.51,2024-10-24 16:15:00,loss,2.0,-199.99999999981813,-0.1999999999998181,0.01,2.2079999999999926,9800.000000000182
285,2024-10-24 16:20:00,SWEEP_bullish,buy,2740.11,2739.9100000000003,2740.51,2740.51,2024-10-24 16:25:00,win,2.0,400.000000000091,0.40000000000009095,0.01,2.2560000000000096,10400.000000000091
286,2024-10-24 16:30:00,SWEEP_bullish,buy,2741.0,2740.8,2741.4,2740.8,2024-10-24 16:35:00,loss,2.0,-199.99999999981813,-0.1999999999998181,0.01,2.384666666666696,9800.000000000182
287,2024-10-25 08:05:00,SWEEP_bullish,buy,2727.49,2727.29,2727.89,2727.29,2024-10-25 08:10:00,loss,2.0,-199.99999999981813,-0.1999999999998181,0.01,1.2973333333333357,9800.000000000182
288,2024-10-25 08:20:00,SWEEP_bullish,buy,2727.23,2727.03,2727.63,2727.03,2024-10-25 08:25:00,loss,2.0,-199.99999999981813,-0.1999999999998181,0.01,1.3746666666666594,9800.000000000182
289,2024-10-25 08:35:00,SWEEP_bullish,buy,2727.74,2727.54,2728.14,2727.54,2024-10-25 08:40:00,loss,2.0,-199.99999999981813,-0.1999999999998181,0.01,1.3973333333333053,9800.000000000182
290,2024-10-25 11:10:00,SWEEP_bearish,sell,2724.84,2725.04,2724.44,2724.44,2024-10-25 11:15:00,win,2.0,400.000000000091,0.40000000000009095,0.01,1.4426666666666885,10400.000000000091
291,2024-10-25 11:25:00,SWEEP_bearish,sell,2722.14,2722.3399999999997,2721.74,2721.74,2024-10-25 11:30:00,win,2.0,400.000000000091,0.40000000000009095,0.01,1.5620000000000498,10400.000000000091
292,2024-10-25 11:40:00,SWEEP_bearish,sell,2721.12,2721.3199999999997,2720.72,2721.3199999999997,2024-10-25 11:45:00,loss,2.0,-199.99999999981813,-0.1999999999998181,0.01,1.724000000000069,9800.000000000182
293,2024-10-25 14:40:00,SWEEP_bullish,buy,2728.1,2727.9,2728.5,2727.9,2024-10-25 14:45:00,loss,2.0,-199.99999999981813,-0.1999999999998181,0.01,1.6179999999999686,9800.000000000182
294,2024-10-25 15:55:00,SWEEP_bullish,buy,2731.25,2731.05,2731.65,2731.05,2024-10-25 16:00:00,loss,2.0,-199.99999999981813,-0.1999999999998181,0.01,2.051999999999983,9800.000000000182
295,2024-10-28 08:10:00,SWEEP_bullish,buy,2731.31,2731.11,2731.71,2731.11,2024-10-28 08:15:00,loss,2.0,-199.99999999981813,-0.1999999999998181,0.01,1.3726666666666765,9800.000000000182
296,2024-10-28 10:30:00,SWEEP_bearish,sell,2738.26,2738.46,2737.86,2738.46,2024-10-28 10:35:00,loss,2.0,-199.99999999981813,-0.1999999999998181,0.01,2.078666666666716,9800.000000000182
297,2024-10-28 13:20:00,SWEEP_bearish,sell,2730.29,2730.49,2729.89,2730.49,2024-10-28 13:25:00,loss,2.0,-199.99999999981813,-0.1999999999998181,0.01,1.9359999999999975,9800.000000000182
298,2024-10-28 15:15:00,SWEEP_bullish,buy,2733.43,2733.23,2733.83,2733.23,2024-10-28 15:20:00,loss,2.0,-199.99999999981813,-0.1999999999998181,0.01,1.4419999999999162,9800.000000000182
299,2024-10-28 16:20:00,SWEEP_bullish,buy,2737.84,2737.6400000000003,2738.2400000000002,2737.6400000000003,2024-10-28 16:25:00,loss,2.0,-199.99999999981813,-0.1999999999998181,0.01,2.040666666666675,9800.000000000182
300,2024-10-28 16:40:00,SWEEP_bullish,buy,2741.76,2741.5600000000004,2742.1600000000003,2741.5600000000004,2024-10-28 16:45:00,loss,2.0,-199.99999999981813,-0.1999999999998181,0.01,2.192000000000068,9800.000000000182
301,2024-10-28 16:50:00,SWEEP_bullish,buy,2742.04,2741.84,2742.44,2741.84,2024-10-28 16:55:00,loss,2.0,-199.99999999981813,-0.1999999999998181,0.01,2.1386666666667526,9800.000000000182
302,2024-10-29 08:45:00,SWEEP_bearish,sell,2752.89,2753.0899999999997,2752.49,2752.49,2024-10-29 08:50:00,win,2.0,400.000000000091,0.40000000000009095,0.01,1.543333333333309,10400.000000000091
303,2024-10-29 09:05:00,SWEEP_bearish,sell,2750.93,2751.1299999999997,2750.5299999999997,2751.1299999999997,2024-10-29 09:10:00,loss,2.0,-199.99999999981813,-0.1999999999998181,0.01,1.7653333333333043,9800.000000000182
304,2024-10-29 11:05:00,SWEEP_bearish,sell,2751.9,2752.1,2751.5,2752.1,2024-10-29 11:10:00,loss,2.0,-199.99999999981813,-0.1999999999998181,0.01,1.303999999999966,9800.000000000182
305,2024-10-29 11:25:00,SWEEP_bearish,sell,2749.87,2750.0699999999997,2749.47,2750.0699999999997,2024-10-29 11:30:00,loss,2.0,-199.99999999981813,-0.1999999999998181,0.01,1.538000000000011,9800.000000000182
306,2024-10-29 13:15:00,SWEEP_bearish,sell,2750.17,2750.37,2749.77,2750.37,2024-10-29 13:20:00,loss,2.0,-199.99999999981813,-0.1999999999998181,0.01,1.553999999999966,9800.000000000182
307,2024-10-29 13:25:00,SWEEP_bearish,sell,2749.36,2749.56,2748.96,2749.56,2024-10-29 13:30:00,loss,2.0,-199.99999999981813,-0.1999999999998181,0.01,1.6066666666666,9800.000000000182
308,2024-10-29 14:55:00,SWEEP_bullish,buy,2751.92,2751.7200000000003,2752.32,2751.7200000000003,2024-10-29 15:00:00,loss,2.0,-199.99999999981813,-0.1999999999998181,0.01,1.5226666666667066,9800.000000000182
309,2024-10-30 09:45:00,SWEEP_bullish,buy,2788.11,2787.9100000000003,2788.51,2787.9100000000003,2024-10-30 09:50:00,loss,2.0,-199.99999999981813,-0.1999999999998181,0.01,1.7906666666666144,9800.000000000182
310,2024-10-30 10:50:00,SWEEP_bearish,sell,2782.41,2782.6099999999997,2782.0099999999998,2782.6099999999997,2024-10-30 10:55:00,loss,2.0,-199.99999999981813,-0.1999999999998181,0.01,1.4773333333332326,9800.000000000182
311,2024-10-30 13:15:00,SWEEP_bullish,buy,2785.47,2785.27,2785.87,2785.27,2024-10-30 13:20:00,loss,2.0,-199.99999999981813,-0.1999999999998181,0.01,1.1946666666667018,9800.000000000182
312,2024-10-30 14:00:00,SWEEP_bearish,sell,2780.91,2781.1099999999997,2780.5099999999998,2781.1099999999997,2024-10-30 14:05:00,loss,2.0,-199.99999999981813,-0.1999999999998181,0.01,1.3980000000000472,9800.000000000182
313,2024-10-30 14:15:00,SWEEP_bearish,sell,2780.75,2780.95,2780.35,2780.95,2024-10-30 14:20:00,loss,2.0,-199.99999999981813,-0.1999999999998181,0.01,1.4800000000000788,9800.000000000182
314,2024-10-30 16:15:00,SWEEP_bullish,buy,2785.35,2785.15,2785.75,2785.15,2024-10-30 16:20:00,loss,2.0,-199.99999999981813,-0.1999999999998181,0.01,2.403333333333315,9800.000000000182
315,2024-10-30 16:35:00,SWEEP_bearish,sell,2774.8,2775.0,2774.4,2775.0,2024-10-30 16:40:00,loss,2.0,-199.99999999981813,-0.1999999999998181,0.01,2.9919999999999467,9800.000000000182
316,2024-10-31 10:00:00,SWEEP_bearish,sell,2780.89,2781.0899999999997,2780.49,2780.49,2024-10-31 10:05:00,win,2.0,400.000000000091,0.40000000000009095,0.01,1.5873333333333903,10400.000000000091
317,2024-10-31 11:25:00,SWEEP_bearish,sell,2778.54,2778.74,2778.14,2778.74,2024-10-31 11:30:00,loss,2.0,-199.99999999981813,-0.1999999999998181,0.01,1.4339999999999236,9800.000000000182
318,2024-10-31 11:35:00,SWEEP_bearish,sell,2777.95,2778.1499999999996,2777.5499999999997,2778.1499999999996,2024-10-31 11:40:00,loss,2.0,-199.99999999981813,-0.1999999999998181,0.01,1.4566666666666,9800.000000000182
319,2024-10-31 13:55:00,SWEEP_bullish,buy,2780.75,2780.55,2781.15,2780.55,2024-10-31 14:00:00,loss,2.0,-199.99999999981813,-0.1999999999998181,0.01,1.6433333333333697,9800.000000000182
320,2024-11-01 08:40:00,SWEEP_bullish,buy,2753.08,2752.88,2753.48,2752.88,2024-11-01 08:45:00,loss,2.0,-199.99999999981813,-0.1999999999998181,0.01,0.8726666666666157,9800.000000000182
321,2024-11-01 13:35:00,SWEEP_bearish,sell,2746.64,2746.8399999999997,2746.24,2746.8399999999997,2024-11-01 13:40:00,loss,2.0,-199.99999999981813,-0.1999999999998181,0.01,1.7486666666667285,9800.000000000182
322,2024-11-01 15:15:00,SWEEP_bullish,buy,2751.35,2751.15,2751.75,2751.15,2024-11-01 15:20:00,loss,2.0,-199.99999999981813,-0.1999999999998181,0.01,1.7900000000000242,9800.000000000182
323,2024-11-01 16:15:00,SWEEP_bullish,buy,2760.14,2759.94,2760.54,2759.94,2024-11-01 16:20:00,loss,2.0,-199.99999999981813,-0.1999999999998181,0.01,3.7913333333333865,9800.000000000182
324,2024-11-04 09:10:00,SWEEP_bullish,buy,2742.73,2742.53,2743.13,2742.53,2024-11-04 09:15:00,loss,2.0,-199.99999999981813,-0.1999999999998181,0.01,1.7866666666667395,9800.000000000182
325,2024-11-04 11:50:00,SWEEP_bullish,buy,2742.57,2742.3700000000003,2742.9700000000003,2742.3700000000003,2024-11-04 11:55:00,loss,2.0,-199.99999999981813,-0.1999999999998181,0.01,2.2106666666666874,9800.000000000182
326,2024-11-04 14:10:00,SWEEP_bullish,buy,2740.93,2740.73,2741.33,2740.73,2024-11-04 14:15:00,loss,2.0,-199.99999999981813,-0.1999999999998181,0.01,1.6586666666666738,9800.000000000182
327,2024-11-04 14:50:00,SWEEP_bullish,buy,2742.29,2742.09,2742.69,2742.69,2024-11-04 14:55:00,win,2.0,400.000000000091,0.40000000000009095,0.01,1.506666666666691,10400.000000000091
328,2024-11-04 15:15:00,SWEEP_bullish,buy,2743.04,2742.84,2743.44,2742.84,2024-11-04 15:20:00,loss,2.0,-199.99999999981813,-0.1999999999998181,0.01,1.651999999999983,9800.000000000182
329,2024-11-04 15:30:00,SWEEP_bearish,sell,2741.31,2741.5099999999998,2740.91,2741.5099999999998,2024-11-04 15:35:00,loss,2.0,-199.99999999981813,-0.1999999999998181,0.01,1.923333333333297,9800.000000000182
330,2024-11-04 15:45:00,SWEEP_bullish,buy,2744.22,2744.02,2744.62,2744.02,2024-11-04 15:50:00,loss,2.0,-199.99999999981813,-0.1999999999998181,0.01,2.1160000000000156,9800.000000000182
331,2024-11-04 16:05:00,SWEEP_bullish,buy,2745.91,2745.71,2746.31,2745.71,2024-11-04 16:10:00,loss,2.0,-199.99999999981813,-0.1999999999998181,0.01,2.2193333333333007,9800.000000000182
332,2024-11-05 09:10:00,SWEEP_bullish,buy,2740.36,2740.1600000000003,2740.76,2740.76,2024-11-05 09:15:00,win,2.0,400.000000000091,0.40000000000009095,0.01,1.502666666666634,10400.000000000091
333,2024-11-05 09:20:00,SWEEP_bullish,buy,2740.04,2739.84,2740.44,2739.84,2024-11-05 09:25:00,loss,2.0,-199.99999999981813,-0.1999999999998181,0.01,1.401999999999983,9800.000000000182
334,2024-11-05 11:00:00,SWEEP_bullish,buy,2742.11,2741.9100000000003,2742.51,2741.9100000000003,2024-11-05 11:05:00,loss,2.0,-199.99999999981813,-0.1999999999998181,0.01,1.9053333333333284,9800.000000000182
335,2024-11-05 13:40:00,SWEEP_bullish,buy,2740.39,2740.19,2740.79,2740.19,2024-11-05 13:45:00,loss,2.0,-199.99999999981813,-0.1999999999998181,0.01,1.56866666666668,9800.000000000182
336,2024-11-05 13:55:00,SWEEP_bullish,buy,2741.45,2741.25,2741.85,2741.85,2024-11-05 14:00:00,win,2.0,400.000000000091,0.40000000000009095,0.01,1.4799999999999878,10400.000000000091
337,2024-11-05 14:05:00,SWEEP_bullish,buy,2741.64,2741.44,2742.04,2741.44,2024-11-05 14:10:00,loss,2.0,-199.99999999981813,-0.1999999999998181,0.01,1.4579999999999926,9800.000000000182
338,2024-11-05 14:55:00,SWEEP_bearish,sell,2738.03,2738.23,2737.63,2738.23,2024-11-05 15:00:00,loss,2.0,-199.99999999981813,-0.1999999999998181,0.01,1.361999999999989,9800.000000000182
339,2024-11-05 15:00:00,SWEEP_bearish,sell,2738.64,2738.8399999999997,2738.24,2738.24,2024-11-05 15:05:00,win,2.0,400.000000000091,0.40000000000009095,0.01,1.294666666666641,10400.000000000091
340,2024-11-05 15:10:00,SWEEP_bearish,sell,2738.6,2738.7999999999997,2738.2,2738.7999999999997,2024-11-05 15:15:00,loss,2.0,-199.99999999981813,-0.1999999999998181,0.01,1.3513333333333322,9800.000000000182
341,2024-11-05 15:20:00,SWEEP_bearish,sell,2740.43,2740.6299999999997,2740.0299999999997,2740.6299999999997,2024-11-05 15:25:00,loss,2.0,-199.99999999981813,-0.1999999999998181,0.01,1.5986666666666376,9800.000000000182
342,2024-11-05 16:35:00,SWEEP_bullish,buy,2747.7,2747.5,2748.1,2747.5,2024-11-05 16:40:00,loss,2.0,-199.99999999981813,-0.1999999999998181,0.01,2.2480000000000473,9800.000000000182
343,2024-11-06 10:20:00,SWEEP_bullish,buy,2730.49,2730.29,2730.89,2730.29,2024-11-06 10:25:00,loss,2.0,-199.99999999981813,-0.1999999999998181,0.01,5.226000000000022,9800.000000000182
344,2024-11-06 11:25:00,SWEEP_bearish,sell,2722.36,2722.56,2721.96,2721.96,2024-11-06 11:30:00,win,2.0,400.000000000091,0.40000000000009095,0.01,3.7013333333333622,10400.000000000091
345,2024-11-06 13:30:00,SWEEP_bearish,sell,2712.03,2712.23,2711.63,2712.23,2024-11-06 13:35:00,loss,2.0,-199.99999999981813,-0.1999999999998181,0.01,2.8566666666666,9800.000000000182
346,2024-11-06 16:35:00,SWEEP_bearish,sell,2656.9,2657.1,2656.5,2657.1,2024-11-06 16:40:00,loss,2.0,-199.99999999981813,-0.1999999999998181,0.01,6.73133333333329,9800.000000000182
347,2024-11-07 08:10:00,SWEEP_bearish,sell,2654.58,2654.7799999999997,2654.18,2654.7799999999997,2024-11-07 08:15:00,loss,2.0,-199.99999999981813,-0.1999999999998181,0.01,1.952000000000074,9800.000000000182
348,2024-11-07 09:25:00,SWEEP_bullish,buy,2664.51,2664.3100000000004,2664.9100000000003,2664.3100000000004,2024-11-07 09:30:00,loss,2.0,-199.99999999981813,-0.1999999999998181,0.01,2.3379999999999805,9800.000000000182
349,2024-11-07 14:25:00,SWEEP_bullish,buy,2666.64,2666.44,2667.04,2667.04,2024-11-07 14:30:00,win,2.0,400.000000000091,0.40000000000009095,0.01,1.8713333333333442,10400.000000000091
350,2024-11-07 15:45:00,SWEEP_bullish,buy,2683.15,2682.9500000000003,2683.55,2682.9500000000003,2024-11-07 15:50:00,loss,2.0,-199.99999999981813,-0.1999999999998181,0.01,3.204000000000057,9800.000000000182
351,2024-11-07 16:40:00,SWEEP_bullish,buy,2690.69,2690.4900000000002,2691.09,2690.4900000000002,2024-11-07 16:45:00,loss,2.0,-199.99999999981813,-0.1999999999998181,0.01,3.385333333333286,9800.000000000182
352,2024-11-08 08:30:00,SWEEP_bearish,sell,2687.21,2687.41,2686.81,2687.41,2024-11-08 08:35:00,loss,2.0,-199.99999999981813,-0.1999999999998181,0.01,1.824666666666538,9800.000000000182
353,2024-11-08 09:15:00,SWEEP_bearish,sell,2685.12,2685.3199999999997,2684.72,2685.3199999999997,2024-11-08 09:20:00,loss,2.0,-199.99999999981813,-0.1999999999998181,0.01,2.1346666666665746,9800.000000000182
354,2024-11-08 10:35:00,SWEEP_bullish,buy,2690.15,2689.9500000000003,2690.55,2689.9500000000003,2024-11-08 10:40:00,loss,2.0,-199.99999999981813,-0.1999999999998181,0.01,2.7466666666665938,9800.000000000182
355,2024-11-08 13:50:00,SWEEP_bullish,buy,2692.33,2692.13,2692.73,2692.13,2024-11-08 13:55:00,loss,2.0,-199.99999999981813,-0.1999999999998181,0.01,1.7540000000000266,9800.000000000182
356,2024-11-08 15:30:00,SWEEP_bullish,buy,2692.86,2692.6600000000003,2693.26,2692.6600000000003,2024-11-08 15:35:00,loss,2.0,-199.99999999981813,-0.1999999999998181,0.01,2.408666666666613,9800.000000000182
357,2024-11-11 09:00:00,SWEEP_bullish,buy,2671.79,2671.59,2672.19,2671.59,2024-11-11 09:05:00,loss,2.0,-199.99999999981813,-0.1999999999998181,0.01,1.610666666666657,9800.000000000182
358,2024-11-11 09:55:00,SWEEP_bearish,sell,2669.58,2669.7799999999997,2669.18,2669.7799999999997,2024-11-11 10:00:00,loss,2.0,-199.99999999981813,-0.1999999999998181,0.01,1.6153333333332134,9800.000000000182
359,2024-11-11 10:05:00,SWEEP_bearish,sell,2669.56,2669.7599999999998,2669.16,2669.7599999999998,2024-11-11 10:10:00,loss,2.0,-199.99999999981813,-0.1999999999998181,0.01,1.616666666666515,9800.000000000182
360,2024-11-11 10:35:00,SWEEP_bearish,sell,2670.42,2670.62,2670.02,2670.02,2024-11-11 10:40:00,win,2.0,400.000000000091,0.40000000000009095,0.01,1.6446666666665501,10400.000000000091
361,2024-11-11 16:10:00,SWEEP_bearish,sell,2632.74,2632.9399999999996,2632.3399999999997,2632.9399999999996,2024-11-11 16:15:00,loss,2.0,-199.99999999981813,-0.1999999999998181,0.01,4.834000000000015,9800.000000000182
362,2024-11-12 13:05:00,SWEEP_bullish,buy,2596.16,2595.96,2596.56,2595.96,2024-11-12 13:10:00,loss,2.0,-199.99999999981813,-0.1999999999998181,0.01,2.9979999999999865,9800.000000000182
363,2024-11-12 14:05:00,SWEEP_bullish,buy,2601.35,2601.15,2601.75,2601.15,2024-11-12 14:10:00,loss,2.0,-199.99999999981813,-0.1999999999998181,0.01,2.941333333333326,9800.000000000182
364,2024-11-12 14:50:00,SWEEP_bullish,buy,2604.93,2604.73,2605.33,2604.73,2024-11-12 14:55:00,loss,2.0,-199.99999999981813,-0.1999999999998181,0.01,3.1833333333332425,9800.000000000182
365,2024-11-13 10:15:00,SWEEP_bearish,sell,2603.76,2603.96,2603.36,2603.96,2024-11-13 10:20:00,loss,2.0,-199.99999999981813,-0.1999999999998181,0.01,1.6193333333333308,9800.000000000182
366,2024-11-13 10:40:00,SWEEP_bullish,buy,2608.97,2608.77,2609.37,2608.77,2024-11-13 10:45:00,loss,2.0,-199.99999999981813,-0.1999999999998181,0.01,2.0506666666667117,9800.000000000182
367,2024-11-13 13:40:00,SWEEP_bearish,sell,2608.17,2608.37,2607.77,2608.37,2024-11-13 13:45:00,loss,2.0,-199.99999999981813,-0.1999999999998181,0.01,1.6073333333333115,9800.000000000182
368,2024-11-14 08:50:00,SWEEP_bearish,sell,2553.3,2553.5,2552.9,2553.5,2024-11-14 08:55:00,loss,2.0,-199.99999999981813,-0.1999999999998181,0.01,1.922666666666737,9800.000000000182
369,2024-11-14 10:10:00,SWEEP_bullish,buy,2556.99,2556.79,2557.39,2556.79,2024-11-14 10:15:00,loss,2.0,-199.99999999981813,-0.1999999999998181,0.01,2.5633333333332606,9800.000000000182
370,2024-11-14 11:20:00,SWEEP_bearish,sell,2553.06,2553.2599999999998,2552.66,2553.2599999999998,2024-11-14 11:25:00,loss,2.0,-199.99999999981813,-0.1999999999998181,0.01,2.404666666666708,9800.000000000182
371,2024-11-14 15:20:00,SWEEP_bullish,buy,2554.66,2554.46,2555.06,2554.46,2024-11-14 15:25:00,loss,2.0,-199.99999999981813,-0.1999999999998181,0.01,2.239999999999933,9800.000000000182
372,2024-11-14 16:30:00,SWEEP_bullish,buy,2562.29,2562.09,2562.69,2562.09,2024-11-14 16:35:00,loss,2.0,-199.99999999981813,-0.1999999999998181,0.01,3.533333333333273,9800.000000000182
373,2024-11-15 08:00:00,SWEEP_bearish,sell,2560.76,2560.96,2560.36,2560.96,2024-11-15 08:05:00,loss,2.0,-199.99999999981813,-0.1999999999998181,0.01,1.5040000000000266,9800.000000000182
374,2024-11-15 08:10:00,SWEEP_bearish,sell,2557.7,2557.8999999999996,2557.2999999999997,2557.2999999999997,2024-11-15 08:15:00,win,2.0,400.000000000091,0.40000000000009095,0.01,1.836666666666709,10400.000000000091
375,2024-11-15 08:20:00,SWEEP_bearish,sell,2556.2,2556.3999999999996,2555.7999999999997,2556.3999999999996,2024-11-15 08:25:00,loss,2.0,-199.99999999981813,-0.1999999999998181,0.01,1.96866666666668,9800.000000000182
376,2024-11-15 09:55:00,SWEEP_bullish,buy,2563.54,2563.34,2563.94,2563.94,2024-11-15 10:00:00,win,2.0,400.000000000091,0.40000000000009095,0.01,1.8099999999999759,10400.000000000091
377,2024-11-15 10:45:00,SWEEP_bullish,buy,2567.71,2567.51,2568.11,2567.51,2024-11-15 10:50:00,loss,2.0,-199.99999999981813,-0.1999999999998181,0.01,1.9613333333333383,9800.000000000182
378,2024-11-15 11:15:00,SWEEP_bullish,buy,2566.72,2566.52,2567.12,2566.52,2024-11-15 11:20:00,loss,2.0,-199.99999999981813,-0.1999999999998181,0.01,1.879333333333428,9800.000000000182
379,2024-11-15 14:20:00,SWEEP_bearish,sell,2567.33,2567.5299999999997,2566.93,2567.5299999999997,2024-11-15 14:25:00,loss,2.0,-199.99999999981813,-0.1999999999998181,0.01,1.991333333333326,9800.000000000182
380,2024-11-18 08:05:00,SWEEP_bearish,sell,2583.34,2583.54,2582.94,2583.54,2024-11-18 08:10:00,loss,2.0,-199.99999999981813,-0.1999999999998181,0.01,1.9773333333332934,9800.000000000182
381,2024-11-18 10:20:00,SWEEP_bullish,buy,2586.66,2586.46,2587.06,2586.46,2024-11-18 10:25:00,loss,2.0,-199.99999999981813,-0.1999999999998181,0.01,2.0859999999999066,9800.000000000182
382,2024-11-18 11:30:00,SWEEP_bullish,buy,2591.05,2590.8500000000004,2591.4500000000003,2590.8500000000004,2024-11-18 11:35:00,loss,2.0,-199.99999999981813,-0.1999999999998181,0.01,2.229333333333337,9800.000000000182
383,2024-11-18 11:50:00,SWEEP_bullish,buy,2595.51,2595.3100000000004,2595.9100000000003,2595.3100000000004,2024-11-18 11:55:00,loss,2.0,-199.99999999981813,-0.1999999999998181,0.01,2.3393333333333732,9800.000000000182
384,2024-11-18 14:45:00,SWEEP_bullish,buy,2594.69,2594.4900000000002,2595.09,2594.4900000000002,2024-11-18 14:50:00,loss,2.0,-199.99999999981813,-0.1999999999998181,0.01,1.8806666666666387,9800.000000000182
385,2024-11-18 15:05:00,SWEEP_bullish,buy,2595.56,2595.36,2595.96,2595.36,2024-11-18 15:10:00,loss,2.0,-199.99999999981813,-0.1999999999998181,0.01,2.081999999999971,9800.000000000182
386,2024-11-18 15:40:00,SWEEP_bullish,buy,2602.63,2602.4300000000003,2603.03,2602.4300000000003,2024-11-18 15:45:00,loss,2.0,-199.99999999981813,-0.1999999999998181,0.01,2.5499999999999696,9800.000000000182
387,2024-11-18 16:00:00,SWEEP_bullish,buy,2603.91,2603.71,2604.31,2603.71,2024-11-18 16:05:00,loss,2.0,-199.99999999981813,-0.1999999999998181,0.01,2.5886666666666316,9800.000000000182
388,2024-11-18 16:15:00,SWEEP_bullish,buy,2606.16,2605.96,2606.56,2605.96,2024-11-18 16:20:00,loss,2.0,-199.99999999981813,-0.1999999999998181,0.01,2.6106666666666265,9800.000000000182
389,2024-11-18 16:40:00,SWEEP_bullish,buy,2608.08,2607.88,2608.48,2607.88,2024-11-18 16:45:00,loss,2.0,-199.99999999981813,-0.1999999999998181,0.01,2.55,9800.000000000182
390,2024-11-19 09:15:00,SWEEP_bearish,sell,2619.53,2619.73,2619.13,2619.73,2024-11-19 09:20:00,loss,2.0,-199.99999999981813,-0.1999999999998181,0.01,1.7859999999999672,9800.000000000182
391,2024-11-19 10:45:00,SWEEP_bullish,buy,2626.16,2625.96,2626.56,2625.96,2024-11-19 10:50:00,loss,2.0,-199.99999999981813,-0.1999999999998181,0.01,1.9153333333333953,9800.000000000182
392,2024-11-19 14:00:00,SWEEP_bearish,sell,2629.95,2630.1499999999996,2629.5499999999997,2630.1499999999996,2024-11-19 14:05:00,loss,2.0,-199.99999999981813,-0.1999999999998181,0.01,1.682000000000062,9800.000000000182
393,2024-11-19 14:30:00,SWEEP_bullish,buy,2635.62,2635.42,2636.02,2635.42,2024-11-19 14:35:00,loss,2.0,-199.99999999981813,-0.1999999999998181,0.01,1.8293333333333976,9800.000000000182
394,2024-11-19 14:40:00,SWEEP_bullish,buy,2635.32,2635.1200000000003,2635.7200000000003,2635.1200000000003,2024-11-19 14:45:00,loss,2.0,-199.99999999981813,-0.1999999999998181,0.01,1.8740000000000387,9800.000000000182
395,2024-11-20 08:20:00,SWEEP_bearish,sell,2630.98,2631.18,2630.58,2631.18,2024-11-20 08:25:00,loss,2.0,-199.99999999981813,-0.1999999999998181,0.01,2.01200000000008,9800.000000000182
396,2024-11-20 09:05:00,SWEEP_bearish,sell,2627.93,2628.1299999999997,2627.5299999999997,2628.1299999999997,2024-11-20 09:10:00,loss,2.0,-199.99999999981813,-0.1999999999998181,0.01,2.1773333333333844,9800.000000000182
397,2024-11-20 14:10:00,SWEEP_bullish,buy,2628.34,2628.1400000000003,2628.7400000000002,2628.7400000000002,2024-11-20 14:15:00,win,2.0,400.000000000091,0.40000000000009095,0.01,1.8133333333332908,10400.000000000091
398,2024-11-20 14:45:00,SWEEP_bullish,buy,2630.74,2630.54,2631.14,2630.54,2024-11-20 14:50:00,loss,2.0,-199.99999999981813,-0.1999999999998181,0.01,1.9006666666666812,9800.000000000182
399,2024-11-20 15:25:00,SWEEP_bullish,buy,2637.4,2637.2000000000003,2637.8,2637.2000000000003,2024-11-20 15:30:00,loss,2.0,-199.99999999981813,-0.1999999999998181,0.01,2.1566666666667214,9800.000000000182
400,2024-11-20 16:45:00,SWEEP_bullish,buy,2643.49,2643.29,2643.89,2643.29,2024-11-20 16:50:00,loss,2.0,-199.99999999981813,-0.1999999999998181,0.01,3.117999999999938,9800.000000000182
401,2024-11-21 08:20:00,SWEEP_bullish,buy,2659.85,2659.65,2660.25,2659.65,2024-11-21 08:25:00,loss,2.0,-199.99999999981813,-0.1999999999998181,0.01,1.6513333333333322,9800.000000000182
402,2024-11-21 09:30:00,SWEEP_bullish,buy,2662.95,2662.75,2663.35,2663.35,2024-11-21 09:35:00,win,2.0,400.000000000091,0.40000000000009095,0.01,1.6140000000000023,10400.000000000091
403,2024-11-21 09:45:00,SWEEP_bullish,buy,2662.98,2662.78,2663.38,2662.78,2024-11-21 09:50:00,loss,2.0,-199.99999999981813,-0.1999999999998181,0.01,1.580666666666669,9800.000000000182
404,2024-11-21 13:30:00,SWEEP_bullish,buy,2671.74,2671.54,2672.14,2671.54,2024-11-21 13:35:00,loss,2.0,-199.99999999981813,-0.1999999999998181,0.01,1.6033333333333455,9800.000000000182
405,2024-11-21 14:15:00,SWEEP_bearish,sell,2665.11,2665.31,2664.71,2665.31,2024-11-21 14:20:00,loss,2.0,-199.99999999981813,-0.1999999999998181,0.01,1.945999999999943,9800.000000000182
406,2024-11-21 15:00:00,SWEEP_bearish,sell,2663.87,2664.0699999999997,2663.47,2664.0699999999997,2024-11-21 15:05:00,loss,2.0,-199.99999999981813,-0.1999999999998181,0.01,2.239999999999933,9800.000000000182
407,2024-11-21 16:20:00,SWEEP_bullish,buy,2669.56,2669.36,2669.96,2669.36,2024-11-21 16:25:00,loss,2.0,-199.99999999981813,-0.1999999999998181,0.01,2.2359999999999673,9800.000000000182
408,2024-11-22 09:00:00,SWEEP_bullish,buy,2691.49,2691.29,2691.89,2691.29,2024-11-22 09:05:00,loss,2.0,-199.99999999981813,-0.1999999999998181,0.01,1.790666666666675,9800.000000000182
409,2024-11-22 09:40:00,SWEEP_bullish,buy,2693.91,2693.71,2694.31,2693.71,2024-11-22 09:45:00,loss,2.0,-199.99999999981813,-0.1999999999998181,0.01,1.7833333333332424,9800.000000000182
410,2024-11-22 10:20:00,SWEEP_bullish,buy,2697.03,2696.8300000000004,2697.4300000000003,2696.8300000000004,2024-11-22 10:25:00,loss,2.0,-199.99999999981813,-0.1999999999998181,0.01,2.432666666666743,9800.000000000182
411,2024-11-22 13:05:00,SWEEP_bullish,buy,2708.17,2707.9700000000003,2708.57,2707.9700000000003,2024-11-22 13:10:00,loss,2.0,-199.99999999981813,-0.1999999999998181,0.01,2.1573333333333418,9800.000000000182
412,2024-11-22 13:30:00,SWEEP_bearish,sell,2702.22,2702.4199999999996,2701.8199999999997,2702.4199999999996,2024-11-22 13:35:00,loss,2.0,-199.99999999981813,-0.1999999999998181,0.01,2.5166666666666364,9800.000000000182
413,2024-11-22 13:40:00,SWEEP_bearish,sell,2702.59,2702.79,2702.19,2702.79,2024-11-22 13:45:00,loss,2.0,-199.99999999981813,-0.1999999999998181,0.01,2.814666666666623,9800.000000000182
414,2024-11-22 15:30:00,SWEEP_bearish,sell,2692.55,2692.75,2692.15,2692.75,2024-11-22 15:35:00,loss,2.0,-199.99999999981813,-0.1999999999998181,0.01,2.979333333333246,9800.000000000182
415,2024-11-22 16:15:00,SWEEP_bearish,sell,2691.11,2691.31,2690.71,2691.31,2024-11-22 16:20:00,loss,2.0,-199.99999999981813,-0.1999999999998181,0.01,3.1546666666666776,9800.000000000182
416,2024-11-22 16:30:00,SWEEP_bearish,sell,2688.12,2688.3199999999997,2687.72,2688.3199999999997,2024-11-22 16:35:00,loss,2.0,-199.99999999981813,-0.1999999999998181,0.01,3.33133333333335,9800.000000000182
417,2024-11-25 11:15:00,SWEEP_bullish,buy,2674.04,2673.84,2674.44,2673.84,2024-11-25 11:20:00,loss,2.0,-199.99999999981813,-0.1999999999998181,0.01,2.4626666666666703,9800.000000000182
418,2024-11-25 13:25:00,SWEEP_bullish,buy,2683.2,2683.0,2683.6,2683.6,2024-11-25 13:30:00,win,2.0,400.000000000091,0.40000000000009095,0.01,2.357999999999902,10400.000000000091
419,2024-11-25 13:40:00,SWEEP_bullish,buy,2686.6,2686.4,2687.0,2686.4,2024-11-25 13:45:00,loss,2.0,-199.99999999981813,-0.1999999999998181,0.01,2.4913333333332353,9800.000000000182
420,2024-11-25 13:55:00,SWEEP_bullish,buy,2686.58,2686.38,2686.98,2686.38,2024-11-25 14:00:00,loss,2.0,-199.99999999981813,-0.1999999999998181,0.01,2.4706666666666024,9800.000000000182
421,2024-11-25 16:25:00,SWEEP_bearish,sell,2645.49,2645.6899999999996,2645.0899999999997,2645.6899999999996,2024-11-25 16:30:00,loss,2.0,-199.99999999981813,-0.1999999999998181,0.01,5.641999999999977,9800.000000000182
422,2024-11-25 16:45:00,SWEEP_bearish,sell,2643.18,2643.3799999999997,2642.7799999999997,2643.3799999999997,2024-11-25 16:50:00,loss,2.0,-199.99999999981813,-0.1999999999998181,0.01,6.9060000000000095,9800.000000000182
423,2024-11-26 09:35:00,SWEEP_bearish,sell,2614.41,2614.6099999999997,2614.0099999999998,2614.6099999999997,2024-11-26 09:40:00,loss,2.0,-199.99999999981813,-0.1999999999998181,0.01,1.929333333333428,9800.000000000182
424,2024-11-26 14:00:00,SWEEP_bullish,buy,2632.18,2631.98,2632.58,2631.98,2024-11-26 14:05:00,loss,2.0,-199.99999999981813,-0.1999999999998181,0.01,1.985333333333286,9800.000000000182
425,2024-11-26 15:15:00,SWEEP_bullish,buy,2640.04,2639.84,2640.44,2639.84,2024-11-26 15:20:00,loss,2.0,-199.99999999981813,-0.1999999999998181,0.01,2.8466666666666547,9800.000000000182
426,2024-11-27 09:00:00,SWEEP_bullish,buy,2646.51,2646.3100000000004,2646.9100000000003,2646.9100000000003,2024-11-27 09:05:00,win,2.0,400.000000000091,0.40000000000009095,0.01,2.187333333333269,10400.000000000091
427,2024-11-27 09:10:00,SWEEP_bullish,buy,2647.1,2646.9,2647.5,2646.9,2024-11-27 09:15:00,loss,2.0,-199.99999999981813,-0.1999999999998181,0.01,2.1859999999999067,9800.000000000182
428,2024-11-27 10:20:00,SWEEP_bullish,buy,2646.32,2646.1200000000003,2646.7200000000003,2646.1200000000003,2024-11-27 10:25:00,loss,2.0,-199.99999999981813,-0.1999999999998181,0.01,1.6406666666666752,9800.000000000182
429,2024-11-27 11:00:00,SWEEP_bullish,buy,2652.37,2652.17,2652.77,2652.17,2024-11-27 11:05:00,loss,2.0,-199.99999999981813,-0.1999999999998181,0.01,2.1840000000000144,9800.000000000182
430,2024-11-27 14:15:00,SWEEP_bullish,buy,2652.35,2652.15,2652.75,2652.75,2024-11-27 14:20:00,win,2.0,400.000000000091,0.40000000000009095,0.01,2.1000000000001515,10400.000000000091
431,2024-11-28 08:00:00,SWEEP_bullish,buy,2631.86,2631.6600000000003,2632.26,2632.26,2024-11-28 08:05:00,win,2.0,400.000000000091,0.40000000000009095,0.01,1.4906666666666752,10400.000000000091
432,2024-11-28 08:30:00,SWEEP_bullish,buy,2634.76,2634.5600000000004,2635.1600000000003,2634.5600000000004,2024-11-28 08:35:00,loss,2.0,-199.99999999981813,-0.1999999999998181,0.01,1.671999999999995,9800.000000000182
433,2024-11-28 08:45:00,SWEEP_bullish,buy,2636.49,2636.29,2636.89,2636.29,2024-11-28 08:50:00,loss,2.0,-199.99999999981813,-0.1999999999998181,0.01,1.8446666666666716,9800.000000000182
434,2024-11-28 10:35:00,SWEEP_bullish,buy,2639.53,2639.3300000000004,2639.9300000000003,2639.9300000000003,2024-11-28 10:40:00,win,2.0,400.000000000091,0.40000000000009095,0.01,1.4393333333333431,10400.000000000091
435,2024-11-28 14:25:00,SWEEP_bearish,sell,2645.53,2645.73,2645.13,2645.73,2024-11-28 14:30:00,loss,2.0,-199.99999999981813,-0.1999999999998181,0.01,1.4233333333332667,9800.000000000182
436,2024-11-28 15:05:00,SWEEP_bearish,sell,2643.56,2643.7599999999998,2643.16,2643.7599999999998,2024-11-28 15:10:00,loss,2.0,-199.99999999981813,-0.1999999999998181,0.01,1.4273333333333236,9800.000000000182
437,2024-11-28 15:45:00,SWEEP_bullish,buy,2646.02,2645.82,2646.42,2645.82,2024-11-28 15:50:00,loss,2.0,-199.99999999981813,-0.1999999999998181,0.01,1.789999999999994,9800.000000000182
438,2024-11-28 16:05:00,SWEEP_bullish,buy,2647.46,2647.26,2647.86,2647.26,2024-11-28 16:10:00,loss,2.0,-199.99999999981813,-0.1999999999998181,0.01,1.83133333333332,9800.000000000182
439,2024-11-29 10:45:00,SWEEP_bearish,sell,2656.84,2657.04,2656.44,2657.04,2024-11-29 10:50:00,loss,2.0,-199.99999999981813,-0.1999999999998181,0.01,1.926666666666703,9800.000000000182
440,2024-11-29 14:45:00,SWEEP_bearish,sell,2660.03,2660.23,2659.63,2660.23,2024-11-29 14:50:00,loss,2.0,-199.99999999981813,-0.1999999999998181,0.01,1.942666666666658,9800.000000000182
441,2024-11-29 15:00:00,SWEEP_bearish,sell,2660.85,2661.0499999999997,2660.45,2661.0499999999997,2024-11-29 15:05:00,loss,2.0,-199.99999999981813,-0.1999999999998181,0.01,2.0146666666666535,9800.000000000182
442,2024-11-29 15:55:00,SWEEP_bearish,sell,2657.91,2658.1099999999997,2657.5099999999998,2658.1099999999997,2024-11-29 16:00:00,loss,2.0,-199.99999999981813,-0.1999999999998181,0.01,2.2886666666666313,9800.000000000182
443,2024-11-29 16:30:00,SWEEP_bearish,sell,2657.8,2658.0,2657.4,2658.0,2024-11-29 16:35:00,loss,2.0,-199.99999999981813,-0.1999999999998181,0.01,2.578666666666656,9800.000000000182
444,2024-11-29 16:45:00,SWEEP_bearish,sell,2656.08,2656.2799999999997,2655.68,2656.2799999999997,2024-11-29 16:50:00,loss,2.0,-199.99999999981813,-0.1999999999998181,0.01,2.729999999999927,9800.000000000182
445,2024-12-02 09:30:00,SWEEP_bullish,buy,2631.08,2630.88,2631.48,2630.88,2024-12-02 09:35:00,loss,2.0,-199.99999999981813,-0.1999999999998181,0.01,1.8933333333333393,9800.000000000182
446,2024-12-02 11:20:00,SWEEP_bullish,buy,2634.93,2634.73,2635.33,2634.73,2024-12-02 11:25:00,loss,2.0,-199.99999999981813,-0.1999999999998181,0.01,2.326000000000052,9800.000000000182
447,2024-12-02 13:20:00,SWEEP_bullish,buy,2641.37,2641.17,2641.77,2641.17,2024-12-02 13:25:00,loss,2.0,-199.99999999981813,-0.1999999999998181,0.01,2.000666666666651,9800.000000000182
6,2024-12-02 13:55:00,FVG_bullish,buy,2641.78,2641.5800000000004,2642.1800000000003,2641.5800000000004,2024-12-02 14:00:00,loss,2.0,-199.99999999981813,-0.1999999999998181,0.01,2.5113333333333383,9800.000000000182
448,2024-12-02 15:25:00,SWEEP_bullish,buy,2644.76,2644.5600000000004,2645.1600000000003,2644.5600000000004,2024-12-02 15:30:00,loss,2.0,-199.99999999981813,-0.1999999999998181,0.01,2.463999999999942,9800.000000000182
449,2024-12-03 10:10:00,SWEEP_bearish,sell,2640.69,2640.89,2640.29,2640.89,2024-12-03 10:15:00,loss,2.0,-199.99999999981813,-0.1999999999998181,0.01,1.57533333333328,9800.000000000182
450,2024-12-03 14:30:00,SWEEP_bearish,sell,2639.76,2639.96,2639.36,2639.96,2024-12-03 14:35:00,loss,2.0,-199.99999999981813,-0.1999999999998181,0.01,1.359333333333446,9800.000000000182
451,2024-12-03 15:00:00,SWEEP_bearish,sell,2640.11,2640.31,2639.71,2640.31,2024-12-03 15:05:00,loss,2.0,-199.99999999981813,-0.1999999999998181,0.01,1.5740000000000387,9800.000000000182
452,2024-12-03 16:00:00,SWEEP_bullish,buy,2652.42,2652.2200000000003,2652.82,2652.2200000000003,2024-12-03 16:05:00,loss,2.0,-199.99999999981813,-0.1999999999998181,0.01,2.361999999999959,9800.000000000182
453,2024-12-03 16:30:00,SWEEP_bullish,buy,2651.31,2651.11,2651.71,2651.11,2024-12-03 16:35:00,loss,2.0,-199.99999999981813,-0.1999999999998181,0.01,2.7079999999999322,9800.000000000182
454,2024-12-04 09:25:00,SWEEP_bearish,sell,2645.01,2645.21,2644.61,2644.61,2024-12-04 09:30:00,win,2.0,400.000000000091,0.40000000000009095,0.01,1.373333333333388,10400.000000000091
455,2024-12-04 09:35:00,SWEEP_bearish,sell,2643.93,2644.1299999999997,2643.5299999999997,2643.5299999999997,2024-12-04 09:40:00,win,2.0,400.000000000091,0.40000000000009095,0.01,1.4133333333333817,10400.000000000091
456,2024-12-04 09:55:00,SWEEP_bearish,sell,2641.47,2641.6699999999996,2641.0699999999997,2641.6699999999996,2024-12-04 10:00:00,loss,2.0,-199.99999999981813,-0.1999999999998181,0.01,1.6433333333334,9800.000000000182
457,2024-12-04 10:35:00,SWEEP_bearish,sell,2639.26,2639.46,2638.86,2639.46,2024-12-04 10:40:00,loss,2.0,-199.99999999981813,-0.1999999999998181,0.01,1.7693333333333916,9800.000000000182
458,2024-12-04 11:40:00,SWEEP_bullish,buy,2641.06,2640.86,2641.46,2640.86,2024-12-04 11:45:00,loss,2.0,-199.99999999981813,-0.1999999999998181,0.01,1.923333333333388,9800.000000000182
459,2024-12-04 13:05:00,SWEEP_bullish,buy,2644.84,2644.6400000000003,2645.2400000000002,2644.6400000000003,2024-12-04 13:10:00,loss,2.0,-199.99999999981813,-0.1999999999998181,0.01,1.4086666666666132,9800.000000000182
460,2024-12-04 15:30:00,SWEEP_bullish,buy,2643.15,2642.9500000000003,2643.55,2642.9500000000003,2024-12-04 15:35:00,loss,2.0,-199.99999999981813,-0.1999999999998181,0.01,3.6373333333332996,9800.000000000182
461,2024-12-04 16:05:00,SWEEP_bullish,buy,2648.9,2648.7000000000003,2649.3,2648.7000000000003,2024-12-04 16:10:00,loss,2.0,-199.99999999981813,-0.1999999999998181,0.01,3.9119999999999893,9800.000000000182
462,2024-12-04 16:30:00,SWEEP_bullish,buy,2651.66,2651.46,2652.06,2651.46,2024-12-04 16:35:00,loss,2.0,-199.99999999981813,-0.1999999999998181,0.01,3.4526666666666643,9800.000000000182
463,2024-12-05 09:00:00,SWEEP_bearish,sell,2647.01,2647.21,2646.61,2647.21,2024-12-05 09:05:00,loss,2.0,-199.99999999981813,-0.1999999999998181,0.01,1.7333333333333334,9800.000000000182
464,2024-12-05 13:55:00,SWEEP_bullish,buy,2651.34,2651.1400000000003,2651.7400000000002,2651.1400000000003,2024-12-05 14:00:00,loss,2.0,-199.99999999981813,-0.1999999999998181,0.01,1.3426666666666582,9800.000000000182
465,2024-12-05 15:00:00,SWEEP_bullish,buy,2652.09,2651.8900000000003,2652.4900000000002,2651.8900000000003,2024-12-05 15:05:00,loss,2.0,-199.99999999981813,-0.1999999999998181,0.01,1.59399999999996,9800.000000000182
466,2024-12-06 13:00:00,SWEEP_bearish,sell,2635.06,2635.2599999999998,2634.66,2635.2599999999998,2024-12-06 13:05:00,loss,2.0,-199.99999999981813,-0.1999999999998181,0.01,1.676000000000022,9800.000000000182
467,2024-12-06 14:40:00,SWEEP_bullish,buy,2640.46,2640.26,2640.86,2640.26,2024-12-06 14:45:00,loss,2.0,-199.99999999981813,-0.1999999999998181,0.01,1.6933333333333394,9800.000000000182
468,2024-12-06 15:10:00,SWEEP_bearish,sell,2636.51,2636.71,2636.11,2636.71,2024-12-06 15:15:00,loss,2.0,-199.99999999981813,-0.1999999999998181,0.01,1.9946666666666715,9800.000000000182
469,2024-12-06 15:30:00,SWEEP_bearish,sell,2636.68,2636.8799999999997,2636.2799999999997,2636.8799999999997,2024-12-06 15:35:00,loss,2.0,-199.99999999981813,-0.1999999999998181,0.01,2.825999999999931,9800.000000000182
470,2024-12-06 16:10:00,SWEEP_bearish,sell,2628.14,2628.3399999999997,2627.74,2628.3399999999997,2024-12-06 16:15:00,loss,2.0,-199.99999999981813,-0.1999999999998181,0.01,4.956666666666631,9800.000000000182
471,2024-12-09 08:20:00,SWEEP_bullish,buy,2641.33,2641.13,2641.73,2641.13,2024-12-09 08:25:00,loss,2.0,-199.99999999981813,-0.1999999999998181,0.01,1.6653333333332738,9800.000000000182
472,2024-12-09 08:55:00,SWEEP_bullish,buy,2643.69,2643.4900000000002,2644.09,2643.4900000000002,2024-12-09 09:00:00,loss,2.0,-199.99999999981813,-0.1999999999998181,0.01,1.5606666666665963,9800.000000000182
473,2024-12-09 09:00:00,SWEEP_bullish,buy,2643.41,2643.21,2643.81,2643.21,2024-12-09 09:05:00,loss,2.0,-199.99999999981813,-0.1999999999998181,0.01,1.6013333333332411,9800.000000000182
474,2024-12-09 11:20:00,SWEEP_bullish,buy,2652.77,2652.57,2653.17,2652.57,2024-12-09 11:25:00,loss,2.0,-199.99999999981813,-0.1999999999998181,0.01,1.917333333333348,9800.000000000182
475,2024-12-09 11:40:00,SWEEP_bullish,buy,2653.44,2653.2400000000002,2653.84,2653.84,2024-12-09 11:45:00,win,2.0,400.000000000091,0.40000000000009095,0.01,1.9179999999999988,10400.000000000091
476,2024-12-09 11:50:00,SWEEP_bullish,buy,2655.11,2654.9100000000003,2655.51,2654.9100000000003,2024-12-09 11:55:00,loss,2.0,-199.99999999981813,-0.1999999999998181,0.01,1.921999999999995,9800.000000000182
477,2024-12-09 13:25:00,SWEEP_bullish,buy,2656.41,2656.21,2656.81,2656.21,2024-12-09 13:30:00,loss,2.0,-199.99999999981813,-0.1999999999998181,0.01,1.793333333333309,9800.000000000182
478,2024-12-09 14:50:00,SWEEP_bearish,sell,2654.81,2655.0099999999998,2654.41,2655.0099999999998,2024-12-09 14:55:00,loss,2.0,-199.99999999981813,-0.1999999999998181,0.01,1.8553333333332982,9800.000000000182
479,2024-12-09 15:40:00,SWEEP_bullish,buy,2661.39,2661.19,2661.79,2661.79,2024-12-09 15:45:00,win,2.0,400.000000000091,0.40000000000009095,0.01,2.267999999999999,10400.000000000091
480,2024-12-09 15:50:00,SWEEP_bullish,buy,2663.65,2663.4500000000003,2664.05,2663.4500000000003,2024-12-09 15:55:00,loss,2.0,-199.99999999981813,-0.1999999999998181,0.01,2.411333333333338,9800.000000000182
481,2024-12-09 16:00:00,SWEEP_bullish,buy,2664.64,2664.44,2665.04,2664.44,2024-12-09 16:05:00,loss,2.0,-199.99999999981813,-0.1999999999998181,0.01,2.532666666666713,9800.000000000182
482,2024-12-09 16:15:00,SWEEP_bullish,buy,2664.89,2664.69,2665.29,2664.69,2024-12-09 16:20:00,loss,2.0,-199.99999999981813,-0.1999999999998181,0.01,2.6053333333333284,9800.000000000182
483,2024-12-10 08:05:00,SWEEP_bearish,sell,2667.1,2667.2999999999997,2666.7,2667.2999999999997,2024-12-10 08:10:00,loss,2.0,-199.99999999981813,-0.1999999999998181,0.01,1.4413333333333866,9800.000000000182
484,2024-12-10 08:10:00,SWEEP_bearish,sell,2667.68,2667.8799999999997,2667.2799999999997,2667.8799999999997,2024-12-10 08:15:00,loss,2.0,-199.99999999981813,-0.1999999999998181,0.01,1.5240000000000389,9800.000000000182
485,2024-12-10 10:05:00,SWEEP_bearish,sell,2665.16,2665.3599999999997,2664.7599999999998,2665.3599999999997,2024-12-10 10:10:00,loss,2.0,-199.99999999981813,-0.1999999999998181,0.01,1.580000000000109,9800.000000000182
486,2024-12-10 10:15:00,SWEEP_bearish,sell,2662.85,2663.0499999999997,2662.45,2663.0499999999997,2024-12-10 10:20:00,loss,2.0,-199.99999999981813,-0.1999999999998181,0.01,1.7133333333334122,9800.000000000182
487,2024-12-10 11:50:00,SWEEP_bullish,buy,2664.41,2664.21,2664.81,2664.21,2024-12-10 11:55:00,loss,2.0,-199.99999999981813,-0.1999999999998181,0.01,1.923333333333206,9800.000000000182
488,2024-12-10 16:05:00,SWEEP_bullish,buy,2680.03,2679.8300000000004,2680.4300000000003,2680.4300000000003,2024-12-10 16:10:00,win,2.0,400.000000000091,0.40000000000009095,0.01,2.499333333333349,10400.000000000091
489,2024-12-10 16:35:00,SWEEP_bullish,buy,2687.83,2687.63,2688.23,2688.23,2024-12-10 16:40:00,win,2.0,400.000000000091,0.40000000000009095,0.01,2.4599999999999755,10400.000000000091
490,2024-12-10 16:55:00,SWEEP_bullish,buy,2688.76,2688.5600000000004,2689.1600000000003,2688.5600000000004,2024-12-10 17:00:00,loss,2.0,-199.99999999981813,-0.1999999999998181,0.01,2.451999999999983,9800.000000000182
491,2024-12-11 11:10:00,SWEEP_bearish,sell,2688.59,2688.79,2688.19,2688.79,2024-12-11 11:15:00,loss,2.0,-199.99999999981813,-0.1999999999998181,0.01,2.1233333333333575,9800.000000000182
492,2024-12-11 15:35:00,SWEEP_bullish,buy,2697.77,2697.57,2698.17,2697.57,2024-12-11 15:40:00,loss,2.0,-199.99999999981813,-0.1999999999998181,0.01,2.458666666666674,9800.000000000182
493,2024-12-11 15:55:00,SWEEP_bullish,buy,2700.75,2700.55,2701.15,2701.15,2024-12-11 16:00:00,win,2.0,400.000000000091,0.40000000000009095,0.01,2.885333333333286,10400.000000000091
494,2024-12-12 09:15:00,SWEEP_bullish,buy,2719.31,2719.11,2719.71,2719.11,2024-12-12 09:20:00,loss,2.0,-199.99999999981813,-0.1999999999998181,0.01,1.5033333333332848,9800.000000000182
7,2024-12-12 10:25:00,FVG_bearish,sell,2718.28,2718.48,2717.88,2718.48,2024-12-12 10:30:00,loss,2.0,-199.99999999981813,-0.1999999999998181,0.01,1.5279999999999443,9800.000000000182
495,2024-12-12 11:25:00,SWEEP_bearish,sell,2715.65,2715.85,2715.25,2715.85,2024-12-12 11:30:00,loss,2.0,-199.99999999981813,-0.1999999999998181,0.01,1.7680000000000595,9800.000000000182
496,2024-12-12 15:05:00,SWEEP_bearish,sell,2707.13,2707.33,2706.73,2707.33,2024-12-12 15:10:00,loss,2.0,-199.99999999981813,-0.1999999999998181,0.01,1.8379999999999503,9800.000000000182
497,2024-12-12 15:15:00,SWEEP_bearish,sell,2705.4,2705.6,2705.0,2705.6,2024-12-12 15:20:00,loss,2.0,-199.99999999981813,-0.1999999999998181,0.01,2.1259999999999613,9800.000000000182
498,2024-12-12 16:00:00,SWEEP_bearish,sell,2699.23,2699.43,2698.83,2699.43,2024-12-12 16:05:00,loss,2.0,-199.99999999981813,-0.1999999999998181,0.01,3.5579999999999927,9800.000000000182
499,2024-12-12 16:35:00,SWEEP_bearish,sell,2683.78,2683.98,2683.38,2683.98,2024-12-12 16:40:00,loss,2.0,-199.99999999981813,-0.1999999999998181,0.01,3.996666666666685,9800.000000000182
500,2024-12-13 08:30:00,SWEEP_bearish,sell,2685.72,2685.9199999999996,2685.3199999999997,2685.9199999999996,2024-12-13 08:35:00,loss,2.0,-199.99999999981813,-0.1999999999998181,0.01,1.7066666666665393,9800.000000000182
501,2024-12-13 09:35:00,SWEEP_bearish,sell,2683.27,2683.47,2682.87,2683.47,2024-12-13 09:40:00,loss,2.0,-199.99999999981813,-0.1999999999998181,0.01,1.8406666666667055,9800.000000000182
502,2024-12-13 11:20:00,SWEEP_bearish,sell,2672.35,2672.5499999999997,2671.95,2672.5499999999997,2024-12-13 11:25:00,loss,2.0,-199.99999999981813,-0.1999999999998181,0.01,2.429333333333337,9800.000000000182
503,2024-12-13 11:45:00,SWEEP_bearish,sell,2670.83,2671.0299999999997,2670.43,2671.0299999999997,2024-12-13 11:50:00,loss,2.0,-199.99999999981813,-0.1999999999998181,0.01,2.6340000000000447,9800.000000000182
504,2024-12-13 13:15:00,SWEEP_bearish,sell,2666.37,2666.5699999999997,2665.97,2665.97,2024-12-13 13:20:00,win,2.0,400.000000000091,0.40000000000009095,0.01,1.7086666666667043,10400.000000000091
505,2024-12-13 14:00:00,SWEEP_bearish,sell,2665.4,2665.6,2665.0,2665.6,2024-12-13 14:05:00,loss,2.0,-199.99999999981813,-0.1999999999998181,0.01,2.045999999999943,9800.000000000182
506,2024-12-13 14:30:00,SWEEP_bullish,buy,2669.37,2669.17,2669.77,2669.17,2024-12-13 14:35:00,loss,2.0,-199.99999999981813,-0.1999999999998181,0.01,2.101999999999892,9800.000000000182
507,2024-12-13 15:00:00,SWEEP_bullish,buy,2669.81,2669.61,2670.21,2669.61,2024-12-13 15:05:00,loss,2.0,-199.99999999981813,-0.1999999999998181,0.01,2.1773333333333236,9800.000000000182
508,2024-12-13 15:50:00,SWEEP_bearish,sell,2662.28,2662.48,2661.88,2662.48,2024-12-13 15:55:00,loss,2.0,-199.99999999981813,-0.1999999999998181,0.01,2.991999999999977,9800.000000000182
509,2024-12-13 16:25:00,SWEEP_bearish,sell,2661.75,2661.95,2661.35,2661.95,2024-12-13 16:30:00,loss,2.0,-199.99999999981813,-0.1999999999998181,0.01,3.10066666666656,9800.000000000182
510,2024-12-16 08:30:00,SWEEP_bullish,buy,2653.79,2653.59,2654.19,2653.59,2024-12-16 08:35:00,loss,2.0,-199.99999999981813,-0.1999999999998181,0.01,1.2839999999999843,9800.000000000182
511,2024-12-16 09:45:00,SWEEP_bullish,buy,2655.14,2654.94,2655.54,2654.94,2024-12-16 09:50:00,loss,2.0,-199.99999999981813,-0.1999999999998181,0.01,1.1973333333332752,9800.000000000182
512,2024-12-16 10:15:00,SWEEP_bullish,buy,2654.91,2654.71,2655.31,2654.71,2024-12-16 10:20:00,loss,2.0,-199.99999999981813,-0.1999999999998181,0.01,1.4979999999999563,9800.000000000182
513,2024-12-16 10:35:00,SWEEP_bullish,buy,2659.31,2659.11,2659.71,2659.11,2024-12-16 10:40:00,loss,2.0,-199.99999999981813,-0.1999999999998181,0.01,1.8866666666666485,9800.000000000182
514,2024-12-16 13:30:00,SWEEP_bullish,buy,2661.55,2661.3500000000004,2661.9500000000003,2661.3500000000004,2024-12-16 13:35:00,loss,2.0,-199.99999999981813,-0.1999999999998181,0.01,1.5053333333333891,9800.000000000182
515,2024-12-16 14:10:00,SWEEP_bullish,buy,2662.91,2662.71,2663.31,2662.71,2024-12-16 14:15:00,loss,2.0,-199.99999999981813,-0.1999999999998181,0.01,1.4566666666666304,9800.000000000182
516,2024-12-16 16:20:00,SWEEP_bearish,sell,2658.37,2658.5699999999997,2657.97,2658.5699999999997,2024-12-16 16:25:00,loss,2.0,-199.99999999981813,-0.1999999999998181,0.01,2.127333333333354,9800.000000000182
517,2024-12-16 16:45:00,SWEEP_bearish,sell,2657.85,2658.0499999999997,2657.45,2657.45,2024-12-16 16:50:00,win,2.0,400.000000000091,0.40000000000009095,0.01,2.2420000000000377,10400.000000000091
518,2024-12-17 08:45:00,SWEEP_bearish,sell,2647.6,2647.7999999999997,2647.2,2647.7999999999997,2024-12-17 08:50:00,loss,2.0,-199.99999999981813,-0.1999999999998181,0.01,1.945999999999943,9800.000000000182
519,2024-12-17 09:40:00,SWEEP_bullish,buy,2654.53,2654.3300000000004,2654.9300000000003,2654.3300000000004,2024-12-17 09:45:00,loss,2.0,-199.99999999981813,-0.1999999999998181,0.01,1.73799999999992,9800.000000000182
520,2024-12-17 14:40:00,SWEEP_bullish,buy,2643.3,2643.1000000000004,2643.7000000000003,2643.1000000000004,2024-12-17 14:45:00,loss,2.0,-199.99999999981813,-0.1999999999998181,0.01,1.756666666666691,9800.000000000182
521,2024-12-17 15:35:00,SWEEP_bearish,sell,2643.06,2643.2599999999998,2642.66,2643.2599999999998,2024-12-17 15:40:00,loss,2.0,-199.99999999981813,-0.1999999999998181,0.01,2.261999999999989,9800.000000000182
522,2024-12-18 10:05:00,SWEEP_bearish,sell,2642.99,2643.1899999999996,2642.5899999999997,2643.1899999999996,2024-12-18 10:10:00,loss,2.0,-199.99999999981813,-0.1999999999998181,0.01,1.360000000000006,9800.000000000182
523,2024-12-18 10:20:00,SWEEP_bullish,buy,2643.65,2643.4500000000003,2644.05,2643.4500000000003,2024-12-18 10:25:00,loss,2.0,-199.99999999981813,-0.1999999999998181,0.01,1.6473333333333053,9800.000000000182
524,2024-12-18 10:55:00,SWEEP_bullish,buy,2647.91,2647.71,2648.31,2647.71,2024-12-18 11:00:00,loss,2.0,-199.99999999981813,-0.1999999999998181,0.01,1.6893333333333431,9800.000000000182
525,2024-12-18 13:55:00,SWEEP_bearish,sell,2646.34,2646.54,2645.94,2645.94,2024-12-18 14:00:00,win,2.0,400.000000000091,0.40000000000009095,0.01,1.0066666666666302,10400.000000000091
526,2024-12-18 14:05:00,SWEEP_bearish,sell,2645.46,2645.66,2645.06,2645.66,2024-12-18 14:10:00,loss,2.0,-199.99999999981813,-0.1999999999998181,0.01,1.0073333333333114,9800.000000000182
527,2024-12-18 15:05:00,SWEEP_bearish,sell,2642.97,2643.1699999999996,2642.5699999999997,2643.1699999999996,2024-12-18 15:10:00,loss,2.0,-199.99999999981813,-0.1999999999998181,0.01,1.1886666666665406,9800.000000000182
528,2024-12-18 16:35:00,SWEEP_bearish,sell,2639.7,2639.8999999999996,2639.2999999999997,2639.8999999999996,2024-12-18 16:40:00,loss,2.0,-199.99999999981813,-0.1999999999998181,0.01,2.051333333333332,9800.000000000182
529,2024-12-18 16:45:00,SWEEP_bearish,sell,2638.99,2639.1899999999996,2638.5899999999997,2639.1899999999996,2024-12-18 16:50:00,loss,2.0,-199.99999999981813,-0.1999999999998181,0.01,2.107333333333342,9800.000000000182
530,2024-12-19 11:15:00,SWEEP_bullish,buy,2619.76,2619.5600000000004,2620.1600000000003,2619.5600000000004,2024-12-19 11:20:00,loss,2.0,-199.99999999981813,-0.1999999999998181,0.01,1.949333333333258,9800.000000000182
531,2024-12-19 11:25:00,SWEEP_bullish,buy,2620.03,2619.8300000000004,2620.4300000000003,2620.4300000000003,2024-12-19 11:30:00,win,2.0,400.000000000091,0.40000000000009095,0.01,1.9493333333332885,10400.000000000091
532,2024-12-19 14:55:00,SWEEP_bearish,sell,2606.28,2606.48,2605.88,2605.88,2024-12-19 15:00:00,win,2.0,400.000000000091,0.40000000000009095,0.01,2.1546666666666168,10400.000000000091
533,2024-12-19 15:20:00,SWEEP_bearish,sell,2602.33,2602.5299999999997,2601.93,2602.5299999999997,2024-12-19 15:25:00,loss,2.0,-199.99999999981813,-0.1999999999998181,0.01,2.716666666666667,9800.000000000182
534,2024-12-19 15:35:00,SWEEP_bearish,sell,2602.87,2603.0699999999997,2602.47,2603.0699999999997,2024-12-19 15:40:00,loss,2.0,-199.99999999981813,-0.1999999999998181,0.01,3.0726666666666764,9800.000000000182
535,2024-12-20 10:00:00,SWEEP_bullish,buy,2605.39,2605.19,2605.79,2605.19,2024-12-20 10:05:00,loss,2.0,-199.99999999981813,-0.1999999999998181,0.01,1.8800000000001091,9800.000000000182
536,2024-12-20 11:35:00,SWEEP_bearish,sell,2605.12,2605.3199999999997,2604.72,2605.3199999999997,2024-12-20 11:40:00,loss,2.0,-199.99999999981813,-0.1999999999998181,0.01,1.705333333333298,9800.000000000182
537,2024-12-20 15:30:00,SWEEP_bearish,sell,2606.63,2606.83,2606.23,2606.83,2024-12-20 15:35:00,loss,2.0,-199.99999999981813,-0.1999999999998181,0.01,2.146000000000034,9800.000000000182
538,2024-12-20 15:50:00,SWEEP_bullish,buy,2611.62,2611.42,2612.02,2611.42,2024-12-20 15:55:00,loss,2.0,-199.99999999981813,-0.1999999999998181,0.01,2.8433333333333395,9800.000000000182
539,2024-12-20 16:15:00,SWEEP_bullish,buy,2613.7,2613.5,2614.1,2613.5,2024-12-20 16:20:00,loss,2.0,-199.99999999981813,-0.1999999999998181,0.01,3.152666666666634,9800.000000000182
540,2024-12-20 16:25:00,SWEEP_bullish,buy,2615.1,2614.9,2615.5,2614.9,2024-12-20 16:30:00,loss,2.0,-199.99999999981813,-0.1999999999998181,0.01,3.2999999999999696,9800.000000000182
541,2024-12-20 16:55:00,SWEEP_bullish,buy,2616.84,2616.6400000000003,2617.2400000000002,2616.6400000000003,2024-12-20 17:00:00,loss,2.0,-199.99999999981813,-0.1999999999998181,0.01,2.9046666666666474,9800.000000000182
542,2024-12-23 08:35:00,SWEEP_bullish,buy,2630.01,2629.8100000000004,2630.4100000000003,2629.8100000000004,2024-12-23 08:40:00,loss,2.0,-199.99999999981813,-0.1999999999998181,0.01,1.6039999999999963,9800.000000000182
543,2024-12-23 08:45:00,SWEEP_bullish,buy,2630.29,2630.09,2630.69,2630.09,2024-12-23 08:50:00,loss,2.0,-199.99999999981813,-0.1999999999998181,0.01,1.752666666666634,9800.000000000182
544,2024-12-23 09:10:00,SWEEP_bullish,buy,2632.28,2632.0800000000004,2632.6800000000003,2632.0800000000004,2024-12-23 09:15:00,loss,2.0,-199.99999999981813,-0.1999999999998181,0.01,1.8433333333333395,9800.000000000182
545,2024-12-23 10:05:00,SWEEP_bearish,sell,2627.84,2628.04,2627.44,2628.04,2024-12-23 10:10:00,loss,2.0,-199.99999999981813,-0.1999999999998181,0.01,1.6679999999999988,9800.000000000182
546,2024-12-23 13:05:00,SWEEP_bearish,sell,2618.64,2618.8399999999997,2618.24,2618.8399999999997,2024-12-23 13:10:00,loss,2.0,-199.99999999981813,-0.1999999999998181,0.01,1.8679999999999077,9800.000000000182
547,2024-12-23 13:45:00,SWEEP_bearish,sell,2616.08,2616.2799999999997,2615.68,2616.2799999999997,2024-12-23 13:50:00,loss,2.0,-199.99999999981813,-0.1999999999998181,0.01,1.981999999999971,9800.000000000182
548,2024-12-24 08:05:00,SWEEP_bearish,sell,2618.56,2618.7599999999998,2618.16,2618.7599999999998,2024-12-24 08:10:00,loss,2.0,-199.99999999981813,-0.1999999999998181,0.01,1.2246666666666595,9800.000000000182
549,2024-12-24 10:50:00,SWEEP_bearish,sell,2617.87,2618.0699999999997,2617.47,2617.47,2024-12-24 10:55:00,win,2.0,400.000000000091,0.40000000000009095,0.01,1.1826666666667127,10400.000000000091
550,2024-12-24 11:00:00,SWEEP_bearish,sell,2618.14,2618.3399999999997,2617.74,2618.3399999999997,2024-12-24 11:05:00,loss,2.0,-199.99999999981813,-0.1999999999998181,0.01,1.1880000000000412,9800.000000000182
551,2024-12-24 11:20:00,SWEEP_bearish,sell,2615.45,2615.6499999999996,2615.0499999999997,2615.6499999999996,2024-12-24 11:25:00,loss,2.0,-199.99999999981813,-0.1999999999998181,0.01,1.301999999999983,9800.000000000182
552,2024-12-24 13:30:00,SWEEP_bearish,sell,2613.73,2613.93,2613.33,2613.93,2024-12-24 13:35:00,loss,2.0,-199.99999999981813,-0.1999999999998181,0.01,1.2519999999999223,9800.000000000182
553,2024-12-24 16:55:00,SWEEP_bearish,sell,2610.95,2611.1499999999996,2610.5499999999997,2611.1499999999996,2024-12-24 17:00:00,loss,2.0,-199.99999999981813,-0.1999999999998181,0.01,1.683333333333394,9800.000000000182
554,2024-12-26 08:05:00,SWEEP_bearish,sell,2625.77,2625.97,2625.37,2625.97,2024-12-26 08:10:00,loss,2.0,-199.99999999981813,-0.1999999999998181,0.01,1.0746666666666898,9800.000000000182
555,2024-12-26 09:10:00,SWEEP_bullish,buy,2627.21,2627.01,2627.61,2627.01,2024-12-26 09:15:00,loss,2.0,-199.99999999981813,-0.1999999999998181,0.01,1.26266666666664,9800.000000000182
556,2024-12-26 13:10:00,SWEEP_bullish,buy,2629.26,2629.0600000000004,2629.6600000000003,2629.0600000000004,2024-12-26 13:15:00,loss,2.0,-199.99999999981813,-0.1999999999998181,0.01,1.0326666666665916,9800.000000000182
557,2024-12-27 08:00:00,SWEEP_bearish,sell,2632.74,2632.9399999999996,2632.3399999999997,2632.9399999999996,2024-12-27 08:05:00,loss,2.0,-199.99999999981813,-0.1999999999998181,0.01,0.9193333333333006,9800.000000000182
558,2024-12-27 08:30:00,SWEEP_bullish,buy,2636.12,2635.92,2636.52,2635.92,2024-12-27 08:35:00,loss,2.0,-199.99999999981813,-0.1999999999998181,0.01,1.23133333333332,9800.000000000182
559,2024-12-27 09:10:00,SWEEP_bullish,buy,2636.53,2636.3300000000004,2636.9300000000003,2636.3300000000004,2024-12-27 09:15:00,loss,2.0,-199.99999999981813,-0.1999999999998181,0.01,1.5499999999999696,9800.000000000182
560,2024-12-27 11:15:00,SWEEP_bearish,sell,2627.07,2627.27,2626.67,2627.27,2024-12-27 11:20:00,loss,2.0,-199.99999999981813,-0.1999999999998181,0.01,1.4766666666666122,9800.000000000182
561,2024-12-27 11:35:00,SWEEP_bearish,sell,2625.52,2625.72,2625.12,2625.72,2024-12-27 11:40:00,loss,2.0,-199.99999999981813,-0.1999999999998181,0.01,1.3606666666665963,9800.000000000182
562,2024-12-27 11:45:00,SWEEP_bearish,sell,2624.96,2625.16,2624.56,2624.56,2024-12-27 11:50:00,win,2.0,400.000000000091,0.40000000000009095,0.01,1.3893333333332825,10400.000000000091
563,2024-12-27 14:20:00,SWEEP_bullish,buy,2629.56,2629.36,2629.96,2629.36,2024-12-27 14:25:00,loss,2.0,-199.99999999981813,-0.1999999999998181,0.01,1.1793333333333975,9800.000000000182
564,2024-12-27 15:35:00,SWEEP_bearish,sell,2619.86,2620.06,2619.46,2620.06,2024-12-27 15:40:00,loss,2.0,-199.99999999981813,-0.1999999999998181,0.01,2.530666666666669,9800.000000000182
565,2024-12-27 16:10:00,SWEEP_bearish,sell,2616.75,2616.95,2616.35,2616.95,2024-12-27 16:15:00,loss,2.0,-199.99999999981813,-0.1999999999998181,0.01,3.018000000000029,9800.000000000182
566,2024-12-30 09:05:00,SWEEP_bearish,sell,2618.81,2619.0099999999998,2618.41,2619.0099999999998,2024-12-30 09:10:00,loss,2.0,-199.99999999981813,-0.1999999999998181,0.01,1.3506666666667115,9800.000000000182
567,2024-12-30 09:45:00,SWEEP_bearish,sell,2616.99,2617.1899999999996,2616.5899999999997,2617.1899999999996,2024-12-30 09:50:00,loss,2.0,-199.99999999981813,-0.1999999999998181,0.01,1.3853333333333466,9800.000000000182
568,2024-12-30 09:55:00,SWEEP_bearish,sell,2616.89,2617.0899999999997,2616.49,2617.0899999999997,2024-12-30 10:00:00,loss,2.0,-199.99999999981813,-0.1999999999998181,0.01,1.3926666666666583,9800.000000000182
569,2024-12-30 10:15:00,SWEEP_bearish,sell,2615.72,2615.9199999999996,2615.3199999999997,2615.9199999999996,2024-12-30 10:20:00,loss,2.0,-199.99999999981813,-0.1999999999998181,0.01,1.3460000000000036,9800.000000000182
570,2024-12-30 13:45:00,SWEEP_bullish,buy,2618.1,2617.9,2618.5,2617.9,2024-12-30 13:50:00,loss,2.0,-199.99999999981813,-0.1999999999998181,0.01,1.5713333333332533,9800.000000000182
571,2024-12-30 14:35:00,SWEEP_bullish,buy,2618.2,2618.0,2618.6,2618.0,2024-12-30 14:40:00,loss,2.0,-199.99999999981813,-0.1999999999998181,0.01,1.5906666666665539,9800.000000000182
572,2024-12-30 16:00:00,SWEEP_bearish,sell,2607.93,2608.1299999999997,2607.5299999999997,2608.1299999999997,2024-12-30 16:05:00,loss,2.0,-199.99999999981813,-0.1999999999998181,0.01,2.7220000000000253,9800.000000000182
573,2024-12-31 08:30:00,SWEEP_bullish,buy,2606.43,2606.23,2606.83,2606.23,2024-12-31 08:35:00,loss,2.0,-199.99999999981813,-0.1999999999998181,0.01,1.483333333333303,9800.000000000182
574,2024-12-31 09:05:00,SWEEP_bullish,buy,2608.29,2608.09,2608.69,2608.09,2024-12-31 09:10:00,loss,2.0,-199.99999999981813,-0.1999999999998181,0.01,1.4326666666666825,9800.000000000182
575,2024-12-31 09:35:00,SWEEP_bullish,buy,2609.39,2609.19,2609.79,2609.19,2024-12-31 09:40:00,loss,2.0,-199.99999999981813,-0.1999999999998181,0.01,1.2473333333334873,9800.000000000182
576,2024-12-31 10:40:00,SWEEP_bullish,buy,2615.77,2615.57,2616.17,2615.57,2024-12-31 10:45:00,loss,2.0,-199.99999999981813,-0.1999999999998181,0.01,1.6646666666666836,9800.000000000182
577,2024-12-31 10:55:00,SWEEP_bullish,buy,2616.35,2616.15,2616.75,2616.15,2024-12-31 11:00:00,loss,2.0,-199.99999999981813,-0.1999999999998181,0.01,1.6193333333333308,9800.000000000182
578,2024-12-31 15:05:00,SWEEP_bearish,sell,2608.86,2609.06,2608.46,2609.06,2024-12-31 15:10:00,loss,2.0,-199.99999999981813,-0.1999999999998181,0.01,1.3253333333332498,9800.000000000182
579,2024-12-31 15:20:00,SWEEP_bearish,sell,2611.98,2612.18,2611.58,2612.18,2024-12-31 15:25:00,loss,2.0,-199.99999999981813,-0.1999999999998181,0.01,1.7839999999999538,9800.000000000182
580,2025-01-02 09:25:00,SWEEP_bullish,buy,2634.2,2634.0,2634.6,2634.0,2025-01-02 09:30:00,loss,2.0,-199.99999999981813,-0.1999999999998181,0.01,1.0499999999999394,9800.000000000182
581,2025-01-02 10:05:00,SWEEP_bullish,buy,2635.29,2635.09,2635.69,2635.09,2025-01-02 10:10:00,loss,2.0,-199.99999999981813,-0.1999999999998181,0.01,1.199333333333258,9800.000000000182
582,2025-01-02 10:25:00,SWEEP_bearish,sell,2633.14,2633.3399999999997,2632.74,2633.3399999999997,2025-01-02 10:30:00,loss,2.0,-199.99999999981813,-0.1999999999998181,0.01,1.407333333333251,9800.000000000182
583,2025-01-02 10:30:00,SWEEP_bearish,sell,2633.54,2633.74,2633.14,2633.74,2025-01-02 10:35:00,loss,2.0,-199.99999999981813,-0.1999999999998181,0.01,1.4733333333332665,9800.000000000182
584,2025-01-02 10:45:00,SWEEP_bullish,buy,2635.68,2635.48,2636.08,2635.48,2025-01-02 10:50:00,loss,2.0,-199.99999999981813,-0.1999999999998181,0.01,1.6359999999999368,9800.000000000182
585,2025-01-02 14:15:00,SWEEP_bearish,sell,2641.26,2641.46,2640.86,2641.46,2025-01-02 14:20:00,loss,2.0,-199.99999999981813,-0.1999999999998181,0.01,1.339333333333434,9800.000000000182
586,2025-01-02 15:20:00,SWEEP_bearish,sell,2637.77,2637.97,2637.37,2637.97,2025-01-02 15:25:00,loss,2.0,-199.99999999981813,-0.1999999999998181,0.01,2.1733333333332667,9800.000000000182
587,2025-01-02 15:55:00,SWEEP_bullish,buy,2643.04,2642.84,2643.44,2642.84,2025-01-02 16:00:00,loss,2.0,-199.99999999981813,-0.1999999999998181,0.01,2.963999999999942,9800.000000000182
588,2025-01-02 16:45:00,SWEEP_bullish,buy,2648.48,2648.28,2648.88,2648.28,2025-01-02 16:50:00,loss,2.0,-199.99999999981813,-0.1999999999998181,0.01,3.0026666666666038,9800.000000000182
589,2025-01-03 10:35:00,SWEEP_bearish,sell,2652.19,2652.39,2651.79,2652.39,2025-01-03 10:40:00,loss,2.0,-199.99999999981813,-0.1999999999998181,0.01,1.817999999999938,9800.000000000182
590,2025-01-03 10:50:00,SWEEP_bearish,sell,2653.39,2653.5899999999997,2652.99,2652.99,2025-01-03 10:55:00,win,2.0,400.000000000091,0.40000000000009095,0.01,2.094666666666641,10400.000000000091
591,2025-01-03 13:05:00,SWEEP_bullish,buy,2657.76,2657.5600000000004,2658.1600000000003,2657.5600000000004,2025-01-03 13:10:00,loss,2.0,-199.99999999981813,-0.1999999999998181,0.01,1.460000000000006,9800.000000000182
592,2025-01-03 15:05:00,SWEEP_bearish,sell,2655.48,2655.68,2655.08,2655.68,2025-01-03 15:10:00,loss,2.0,-199.99999999981813,-0.1999999999998181,0.01,1.24399999999996,9800.000000000182
593,2025-01-03 15:40:00,SWEEP_bearish,sell,2645.76,2645.96,2645.36,2645.96,2025-01-03 15:45:00,loss,2.0,-199.99999999981813,-0.1999999999998181,0.01,2.424000000000039,9800.000000000182
594,2025-01-06 09:20:00,SWEEP_bearish,sell,2631.09,2631.29,2630.69,2630.69,2025-01-06 09:25:00,win,2.0,400.000000000091,0.40000000000009095,0.01,1.419333333333331,10400.000000000091
595,2025-01-06 11:20:00,SWEEP_bullish,buy,2634.86,2634.6600000000003,2635.26,2634.6600000000003,2025-01-06 11:25:00,loss,2.0,-199.99999999981813,-0.1999999999998181,0.01,1.770666666666663,9800.000000000182
596,2025-01-06 13:35:00,SWEEP_bullish,buy,2644.4,2644.2000000000003,2644.8,2644.2000000000003,2025-01-06 13:40:00,loss,2.0,-199.99999999981813,-0.1999999999998181,0.01,2.47466666666669,9800.000000000182
597,2025-01-06 15:45:00,SWEEP_bearish,sell,2625.31,2625.5099999999998,2624.91,2625.5099999999998,2025-01-06 15:50:00,loss,2.0,-199.99999999981813,-0.1999999999998181,0.01,4.055333333333268,9800.000000000182
598,2025-01-07 09:15:00,SWEEP_bearish,sell,2640.97,2641.1699999999996,2640.5699999999997,2641.1699999999996,2025-01-07 09:20:00,loss,2.0,-199.99999999981813,-0.1999999999998181,0.01,1.5626666666666702,9800.000000000182
599,2025-01-07 09:25:00,SWEEP_bearish,sell,2640.89,2641.0899999999997,2640.49,2641.0899999999997,2025-01-07 09:30:00,loss,2.0,-199.99999999981813,-0.1999999999998181,0.01,1.5306666666666995,9800.000000000182
600,2025-01-07 15:30:00,SWEEP_bullish,buy,2658.55,2658.3500000000004,2658.9500000000003,2658.3500000000004,2025-01-07 15:35:00,loss,2.0,-199.99999999981813,-0.1999999999998181,0.01,2.4213333333333744,9800.000000000182
601,2025-01-07 15:45:00,SWEEP_bullish,buy,2660.51,2660.3100000000004,2660.9100000000003,2660.3100000000004,2025-01-07 15:50:00,loss,2.0,-199.99999999981813,-0.1999999999998181,0.01,2.7466666666667456,9800.000000000182
602,2025-01-07 15:55:00,SWEEP_bullish,buy,2662.35,2662.15,2662.75,2662.15,2025-01-07 16:00:00,loss,2.0,-199.99999999981813,-0.1999999999998181,0.01,2.833333333333394,9800.000000000182
603,2025-01-08 08:20:00,SWEEP_bullish,buy,2651.53,2651.3300000000004,2651.9300000000003,2651.9300000000003,2025-01-08 08:25:00,win,2.0,400.000000000091,0.40000000000009095,0.01,1.1833333333334244,10400.000000000091
604,2025-01-08 08:25:00,SWEEP_bullish,buy,2651.47,2651.27,2651.87,2651.27,2025-01-08 08:30:00,loss,2.0,-199.99999999981813,-0.1999999999998181,0.01,1.2240000000000995,9800.000000000182
605,2025-01-08 09:10:00,SWEEP_bullish,buy,2653.61,2653.4100000000003,2654.01,2653.4100000000003,2025-01-08 09:15:00,loss,2.0,-199.99999999981813,-0.1999999999998181,0.01,1.2240000000000388,9800.000000000182
606,2025-01-08 13:05:00,SWEEP_bearish,sell,2652.42,2652.62,2652.02,2652.02,2025-01-08 13:10:00,win,2.0,400.000000000091,0.40000000000009095,0.01,1.1366666666667697,10400.000000000091
607,2025-01-08 14:25:00,SWEEP_bearish,sell,2647.48,2647.68,2647.08,2647.68,2025-01-08 14:30:00,loss,2.0,-199.99999999981813,-0.1999999999998181,0.01,1.734666666666635,9800.000000000182
608,2025-01-08 15:10:00,SWEEP_bullish,buy,2655.89,2655.69,2656.29,2655.69,2025-01-08 15:15:00,loss,2.0,-199.99999999981813,-0.1999999999998181,0.01,2.063333333333321,9800.000000000182
609,2025-01-09 10:35:00,SWEEP_bullish,buy,2664.3,2664.1000000000004,2664.7000000000003,2664.1000000000004,2025-01-09 10:40:00,loss,2.0,-199.99999999981813,-0.1999999999998181,0.01,1.7213333333332532,9800.000000000182
610,2025-01-09 13:10:00,SWEEP_bullish,buy,2667.82,2667.6200000000003,2668.2200000000003,2667.6200000000003,2025-01-09 13:15:00,loss,2.0,-199.99999999981813,-0.1999999999998181,0.01,1.3753333333333406,9800.000000000182
611,2025-01-09 13:50:00,SWEEP_bullish,buy,2671.7,2671.5,2672.1,2671.5,2025-01-09 13:55:00,loss,2.0,-199.99999999981813,-0.1999999999998181,0.01,2.0019999999999527,9800.000000000182
612,2025-01-09 14:35:00,SWEEP_bullish,buy,2673.51,2673.3100000000004,2673.9100000000003,2673.3100000000004,2025-01-09 14:40:00,loss,2.0,-199.99999999981813,-0.1999999999998181,0.01,2.0626666666666704,9800.000000000182
613,2025-01-09 15:25:00,SWEEP_bullish,buy,2674.8,2674.6000000000004,2675.2000000000003,2674.6000000000004,2025-01-09 15:30:00,loss,2.0,-199.99999999981813,-0.1999999999998181,0.01,1.7306666666666388,9800.000000000182
614,2025-01-10 09:05:00,SWEEP_bullish,buy,2677.35,2677.15,2677.75,2677.15,2025-01-10 09:10:00,loss,2.0,-199.99999999981813,-0.1999999999998181,0.01,1.1679999999999988,9800.000000000182
615,2025-01-10 09:45:00,SWEEP_bearish,sell,2675.3,2675.5,2674.9,2675.5,2025-01-10 09:50:00,loss,2.0,-199.99999999981813,-0.1999999999998181,0.01,1.761333333333338,9800.000000000182
616,2025-01-10 10:10:00,SWEEP_bullish,buy,2676.79,2676.59,2677.19,2676.59,2025-01-10 10:15:00,loss,2.0,-199.99999999981813,-0.1999999999998181,0.01,1.8719999999999952,9800.000000000182
617,2025-01-10 10:25:00,SWEEP_bullish,buy,2678.55,2678.3500000000004,2678.9500000000003,2678.9500000000003,2025-01-10 10:30:00,win,2.0,400.000000000091,0.40000000000009095,0.01,1.9979999999999563,10400.000000000091
618,2025-01-10 11:25:00,SWEEP_bullish,buy,2679.94,2679.7400000000002,2680.34,2679.7400000000002,2025-01-10 11:30:00,loss,2.0,-199.99999999981813,-0.1999999999998181,0.01,1.9139999999999417,9800.000000000182
619,2025-01-10 13:35:00,SWEEP_bullish,buy,2682.48,2682.28,2682.88,2682.28,2025-01-10 13:40:00,loss,2.0,-199.99999999981813,-0.1999999999998181,0.01,1.2573333333332508,9800.000000000182
620,2025-01-10 14:05:00,SWEEP_bearish,sell,2679.54,2679.74,2679.14,2679.74,2025-01-10 14:10:00,loss,2.0,-199.99999999981813,-0.1999999999998181,0.01,1.3033333333332242,9800.000000000182
621,2025-01-10 14:40:00,SWEEP_bearish,sell,2677.53,2677.73,2677.13,2677.73,2025-01-10 14:45:00,loss,2.0,-199.99999999981813,-0.1999999999998181,0.01,1.6519999999999526,9800.000000000182
622,2025-01-10 16:05:00,SWEEP_bullish,buy,2682.25,2682.05,2682.65,2682.05,2025-01-10 16:10:00,loss,2.0,-199.99999999981813,-0.1999999999998181,0.01,4.657333333333372,9800.000000000182
623,2025-01-13 09:40:00,SWEEP_bearish,sell,2685.91,2686.1099999999997,2685.5099999999998,2686.1099999999997,2025-01-13 09:45:00,loss,2.0,-199.99999999981813,-0.1999999999998181,0.01,1.4026666666666945,9800.000000000182
624,2025-01-13 09:45:00,SWEEP_bearish,sell,2686.3,2686.5,2685.9,2686.5,2025-01-13 09:50:00,loss,2.0,-199.99999999981813,-0.1999999999998181,0.01,1.4380000000000108,9800.000000000182
625,2025-01-13 11:25:00,SWEEP_bearish,sell,2685.1,2685.2999999999997,2684.7,2685.2999999999997,2025-01-13 11:30:00,loss,2.0,-199.99999999981813,-0.1999999999998181,0.01,2.1033333333333455,9800.000000000182
626,2025-01-13 14:15:00,SWEEP_bearish,sell,2671.92,2672.12,2671.52,2672.12,2025-01-13 14:20:00,loss,2.0,-199.99999999981813,-0.1999999999998181,0.01,2.051333333333302,9800.000000000182
627,2025-01-14 10:30:00,SWEEP_bullish,buy,2672.62,2672.42,2673.02,2672.42,2025-01-14 10:35:00,loss,2.0,-199.99999999981813,-0.1999999999998181,0.01,1.7279999999999442,9800.000000000182
628,2025-01-14 13:55:00,SWEEP_bullish,buy,2668.95,2668.75,2669.35,2669.35,2025-01-14 14:00:00,win,2.0,400.000000000091,0.40000000000009095,0.01,1.3433333333334303,10400.000000000091
629,2025-01-14 14:05:00,SWEEP_bullish,buy,2668.04,2667.84,2668.44,2667.84,2025-01-14 14:10:00,loss,2.0,-199.99999999981813,-0.1999999999998181,0.01,1.4046666666667382,9800.000000000182
630,2025-01-14 16:25:00,SWEEP_bearish,sell,2661.18,2661.3799999999997,2660.7799999999997,2661.3799999999997,2025-01-14 16:30:00,loss,2.0,-199.99999999981813,-0.1999999999998181,0.01,3.6626666666667007,9800.000000000182
631,2025-01-15 09:30:00,SWEEP_bullish,buy,2682.17,2681.9700000000003,2682.57,2682.57,2025-01-15 09:35:00,win,2.0,400.000000000091,0.40000000000009095,0.01,1.2906666666667055,10400.000000000091
632,2025-01-15 09:55:00,SWEEP_bearish,sell,2681.43,2681.6299999999997,2681.0299999999997,2681.6299999999997,2025-01-15 10:00:00,loss,2.0,-199.99999999981813,-0.1999999999998181,0.01,1.3253333333333406,9800.000000000182
633,2025-01-15 11:10:00,SWEEP_bullish,buy,2684.79,2684.59,2685.19,2684.59,2025-01-15 11:15:00,loss,2.0,-199.99999999981813,-0.1999999999998181,0.01,1.5093333333333552,9800.000000000182
634,2025-01-15 11:20:00,SWEEP_bullish,buy,2684.18,2683.98,2684.58,2683.98,2025-01-15 11:25:00,loss,2.0,-199.99999999981813,-0.1999999999998181,0.01,1.412666666666731,9800.000000000182
635,2025-01-15 11:45:00,SWEEP_bullish,buy,2686.74,2686.54,2687.14,2686.54,2025-01-15 11:50:00,loss,2.0,-199.99999999981813,-0.1999999999998181,0.01,1.4326666666667127,9800.000000000182
636,2025-01-15 14:45:00,SWEEP_bearish,sell,2685.49,2685.6899999999996,2685.0899999999997,2685.6899999999996,2025-01-15 14:50:00,loss,2.0,-199.99999999981813,-0.1999999999998181,0.01,1.349333333333349,9800.000000000182
637,2025-01-16 08:20:00,SWEEP_bearish,sell,2691.99,2692.1899999999996,2691.5899999999997,2692.1899999999996,2025-01-16 08:25:00,loss,2.0,-199.99999999981813,-0.1999999999998181,0.01,1.504666666666799,9800.000000000182
638,2025-01-16 09:15:00,SWEEP_bullish,buy,2696.57,2696.3700000000003,2696.9700000000003,2696.3700000000003,2025-01-16 09:20:00,loss,2.0,-199.99999999981813,-0.1999999999998181,0.01,1.6873333333334206,9800.000000000182
639,2025-01-16 09:50:00,SWEEP_bullish,buy,2697.33,2697.13,2697.73,2697.13,2025-01-16 09:55:00,loss,2.0,-199.99999999981813,-0.1999999999998181,0.01,1.7693333333333916,9800.000000000182
640,2025-01-16 13:10:00,SWEEP_bullish,buy,2707.22,2707.02,2707.62,2707.02,2025-01-16 13:15:00,loss,2.0,-199.99999999981813,-0.1999999999998181,0.01,1.4280000000000048,9800.000000000182
641,2025-01-16 13:35:00,SWEEP_bullish,buy,2708.77,2708.57,2709.17,2708.57,2025-01-16 13:40:00,loss,2.0,-199.99999999981813,-0.1999999999998181,0.01,1.4373333333333298,9800.000000000182
642,2025-01-16 14:00:00,SWEEP_bearish,sell,2706.7,2706.8999999999996,2706.2999999999997,2706.8999999999996,2025-01-16 14:05:00,loss,2.0,-199.99999999981813,-0.1999999999998181,0.01,1.5593333333333854,9800.000000000182
643,2025-01-16 14:10:00,SWEEP_bearish,sell,2705.81,2706.0099999999998,2705.41,2706.0099999999998,2025-01-16 14:15:00,loss,2.0,-199.99999999981813,-0.1999999999998181,0.01,1.7366666666667092,9800.000000000182
644,2025-01-16 14:35:00,SWEEP_bearish,sell,2702.01,2702.21,2701.61,2702.21,2025-01-16 14:40:00,loss,2.0,-199.99999999981813,-0.1999999999998181,0.01,1.9673333333334084,9800.000000000182
645,2025-01-16 14:45:00,SWEEP_bearish,sell,2703.42,2703.62,2703.02,2703.62,2025-01-16 14:50:00,loss,2.0,-199.99999999981813,-0.1999999999998181,0.01,2.108000000000114,9800.000000000182
646,2025-01-16 15:25:00,SWEEP_bullish,buy,2709.58,2709.38,2709.98,2709.38,2025-01-16 15:30:00,loss,2.0,-199.99999999981813,-0.1999999999998181,0.01,2.424000000000069,9800.000000000182
647,2025-01-17 09:50:00,SWEEP_bearish,sell,2710.06,2710.2599999999998,2709.66,2710.2599999999998,2025-01-17 09:55:00,loss,2.0,-199.99999999981813,-0.1999999999998181,0.01,1.4179999999999988,9800.000000000182
648,2025-01-17 11:55:00,SWEEP_bearish,sell,2705.2,2705.3999999999996,2704.7999999999997,2704.7999999999997,2025-01-17 12:00:00,win,2.0,400.000000000091,0.40000000000009095,0.01,1.5966666666665938,10400.000000000091
649,2025-01-17 14:05:00,SWEEP_bullish,buy,2709.44,2709.2400000000002,2709.84,2709.2400000000002,2025-01-17 14:10:00,loss,2.0,-199.99999999981813,-0.1999999999998181,0.01,1.3846666666666048,9800.000000000182
650,2025-01-17 15:35:00,SWEEP_bearish,sell,2707.28,2707.48,2706.88,2707.48,2025-01-17 15:40:00,loss,2.0,-199.99999999981813,-0.1999999999998181,0.01,2.1833333333333638,9800.000000000182
651,2025-01-17 16:00:00,SWEEP_bearish,sell,2705.33,2705.5299999999997,2704.93,2705.5299999999997,2025-01-17 16:05:00,loss,2.0,-199.99999999981813,-0.1999999999998181,0.01,2.3679999999999684,9800.000000000182
652,2025-01-17 16:30:00,SWEEP_bearish,sell,2706.47,2706.6699999999996,2706.0699999999997,2706.6699999999996,2025-01-17 16:35:00,loss,2.0,-199.99999999981813,-0.1999999999998181,0.01,2.584666666666635,9800.000000000182
653,2025-01-20 09:45:00,SWEEP_bearish,sell,2704.96,2705.16,2704.56,2705.16,2025-01-20 09:50:00,loss,2.0,-199.99999999981813,-0.1999999999998181,0.01,1.4933333333333394,9800.000000000182
654,2025-01-20 10:00:00,SWEEP_bearish,sell,2705.03,2705.23,2704.63,2705.23,2025-01-20 10:05:00,loss,2.0,-199.99999999981813,-0.1999999999998181,0.01,1.7059999999999491,9800.000000000182
655,2025-01-20 10:55:00,SWEEP_bullish,buy,2706.65,2706.4500000000003,2707.05,2706.4500000000003,2025-01-20 11:00:00,loss,2.0,-199.99999999981813,-0.1999999999998181,0.01,1.5466666666666848,9800.000000000182
656,2025-01-20 15:30:00,SWEEP_bullish,buy,2707.61,2707.4100000000003,2708.01,2707.4100000000003,2025-01-20 15:35:00,loss,2.0,-199.99999999981813,-0.1999999999998181,0.01,1.4993333333333492,9800.000000000182
657,2025-01-21 08:20:00,SWEEP_bullish,buy,2728.08,2727.88,2728.48,2727.88,2025-01-21 08:25:00,loss,2.0,-199.99999999981813,-0.1999999999998181,0.01,1.3539999999999661,9800.000000000182
658,2025-01-21 09:40:00,SWEEP_bullish,buy,2731.23,2731.03,2731.63,2731.03,2025-01-21 09:45:00,loss,2.0,-199.99999999981813,-0.1999999999998181,0.01,2.109999999999915,9800.000000000182
659,2025-01-21 10:45:00,SWEEP_bearish,sell,2723.36,2723.56,2722.96,2722.96,2025-01-21 10:50:00,win,2.0,400.000000000091,0.40000000000009095,0.01,2.201333333333393,10400.000000000091
660,2025-01-21 11:05:00,SWEEP_bearish,sell,2721.13,2721.33,2720.73,2721.33,2025-01-21 11:10:00,loss,2.0,-199.99999999981813,-0.1999999999998181,0.01,2.354666666666708,9800.000000000182
661,2025-01-21 13:25:00,SWEEP_bearish,sell,2719.56,2719.7599999999998,2719.16,2719.7599999999998,2025-01-21 13:30:00,loss,2.0,-199.99999999981813,-0.1999999999998181,0.01,1.728000000000035,9800.000000000182
662,2025-01-21 15:20:00,SWEEP_bullish,buy,2727.94,2727.7400000000002,2728.34,2727.7400000000002,2025-01-21 15:25:00,loss,2.0,-199.99999999981813,-0.1999999999998181,0.01,1.6266666666667333,9800.000000000182
663,2025-01-21 16:25:00,SWEEP_bullish,buy,2730.44,2730.2400000000002,2730.84,2730.2400000000002,2025-01-21 16:30:00,loss,2.0,-199.99999999981813,-0.1999999999998181,0.01,2.433999999999984,9800.000000000182
664,2025-01-22 13:45:00,SWEEP_bearish,sell,2757.25,2757.45,2756.85,2757.45,2025-01-22 13:50:00,loss,2.0,-199.99999999981813,-0.1999999999998181,0.01,1.5479999999999867,9800.000000000182
665,2025-01-22 14:30:00,SWEEP_bearish,sell,2754.26,2754.46,2753.86,2754.46,2025-01-22 14:35:00,loss,2.0,-199.99999999981813,-0.1999999999998181,0.01,1.5460000000000946,9800.000000000182
666,2025-01-22 15:35:00,SWEEP_bearish,sell,2753.58,2753.7799999999997,2753.18,2753.7799999999997,2025-01-22 15:40:00,loss,2.0,-199.99999999981813,-0.1999999999998181,0.01,2.4320000000000013,9800.000000000182
667,2025-01-23 08:00:00,SWEEP_bearish,sell,2752.29,2752.49,2751.89,2752.49,2025-01-23 08:05:00,loss,2.0,-199.99999999981813,-0.1999999999998181,0.01,1.0300000000000484,9800.000000000182
668,2025-01-23 08:25:00,SWEEP_bullish,buy,2754.76,2754.5600000000004,2755.1600000000003,2754.5600000000004,2025-01-23 08:30:00,loss,2.0,-199.99999999981813,-0.1999999999998181,0.01,1.2000000000000304,9800.000000000182
669,2025-01-23 15:15:00,SWEEP_bearish,sell,2742.5,2742.7,2742.1,2742.7,2025-01-23 15:20:00,loss,2.0,-199.99999999981813,-0.1999999999998181,0.01,2.8253333333333406,9800.000000000182
670,2025-01-23 15:25:00,SWEEP_bearish,sell,2740.85,2741.0499999999997,2740.45,2741.0499999999997,2025-01-23 15:30:00,loss,2.0,-199.99999999981813,-0.1999999999998181,0.01,2.833999999999984,9800.000000000182
671,2025-01-23 15:40:00,SWEEP_bearish,sell,2738.02,2738.22,2737.62,2738.22,2025-01-23 15:45:00,loss,2.0,-199.99999999981813,-0.1999999999998181,0.01,3.048666666666668,9800.000000000182
672,2025-01-24 10:35:00,SWEEP_bearish,sell,2771.71,2771.91,2771.31,2771.91,2025-01-24 10:40:00,loss,2.0,-199.99999999981813,-0.1999999999998181,0.01,1.7300000000000182,9800.000000000182
673,2025-01-24 11:10:00,SWEEP_bullish,buy,2774.38,2774.1800000000003,2774.78,2774.78,2025-01-24 11:15:00,win,2.0,400.000000000091,0.40000000000009095,0.01,1.7520000000000133,10400.000000000091
674,2025-01-24 11:30:00,SWEEP_bullish,buy,2774.12,2773.92,2774.52,2773.92,2025-01-24 11:35:00,loss,2.0,-199.99999999981813,-0.1999999999998181,0.01,1.891999999999977,9800.000000000182
675,2025-01-24 13:35:00,SWEEP_bullish,buy,2777.29,2777.09,2777.69,2777.09,2025-01-24 13:40:00,loss,2.0,-199.99999999981813,-0.1999999999998181,0.01,1.752666666666634,9800.000000000182
676,2025-01-24 15:20:00,SWEEP_bullish,buy,2781.69,2781.4900000000002,2782.09,2781.4900000000002,2025-01-24 15:25:00,loss,2.0,-199.99999999981813,-0.1999999999998181,0.01,1.5233333333332666,9800.000000000182
677,2025-01-24 15:45:00,SWEEP_bullish,buy,2783.48,2783.28,2783.88,2783.28,2025-01-24 15:50:00,loss,2.0,-199.99999999981813,-0.1999999999998181,0.01,1.7353333333333467,9800.000000000182
678,2025-01-24 16:15:00,SWEEP_bearish,sell,2779.42,2779.62,2779.02,2779.62,2025-01-24 16:20:00,loss,2.0,-199.99999999981813,-0.1999999999998181,0.01,2.2353333333333163,9800.000000000182
679,2025-01-24 16:30:00,SWEEP_bearish,sell,2776.12,2776.3199999999997,2775.72,2776.3199999999997,2025-01-24 16:35:00,loss,2.0,-199.99999999981813,-0.1999999999998181,0.01,2.5313333333333503,9800.000000000182
680,2025-01-27 08:00:00,SWEEP_bearish,sell,2753.36,2753.56,2752.96,2753.56,2025-01-27 08:05:00,loss,2.0,-199.99999999981813,-0.1999999999998181,0.01,1.471999999999965,9800.000000000182
681,2025-01-27 09:30:00,SWEEP_bearish,sell,2750.33,2750.5299999999997,2749.93,2749.93,2025-01-27 09:35:00,win,2.0,400.000000000091,0.40000000000009095,0.01,1.8399999999999637,10400.000000000091
682,2025-01-27 14:25:00,SWEEP_bearish,sell,2762.49,2762.6899999999996,2762.0899999999997,2762.6899999999996,2025-01-27 14:30:00,loss,2.0,-199.99999999981813,-0.1999999999998181,0.01,2.0479999999999565,9800.000000000182
683,2025-01-28 10:15:00,SWEEP_bearish,sell,2738.26,2738.46,2737.86,2738.46,2025-01-28 10:20:00,loss,2.0,-199.99999999981813,-0.1999999999998181,0.01,1.426666666666703,9800.000000000182
684,2025-01-28 11:30:00,SWEEP_bullish,buy,2743.3,2743.1000000000004,2743.7000000000003,2743.1000000000004,2025-01-28 11:35:00,loss,2.0,-199.99999999981813,-0.1999999999998181,0.01,1.880000000000018,9800.000000000182
685,2025-01-28 16:05:00,SWEEP_bullish,buy,2749.31,2749.11,2749.71,2749.11,2025-01-28 16:10:00,loss,2.0,-199.99999999981813,-0.1999999999998181,0.01,1.7746666666666593,9800.000000000182
686,2025-01-28 16:40:00,SWEEP_bullish,buy,2753.77,2753.57,2754.17,2753.57,2025-01-28 16:45:00,loss,2.0,-199.99999999981813,-0.1999999999998181,0.01,2.089999999999994,9800.000000000182
687,2025-01-29 09:05:00,SWEEP_bearish,sell,2759.31,2759.5099999999998,2758.91,2759.5099999999998,2025-01-29 09:10:00,loss,2.0,-199.99999999981813,-0.1999999999998181,0.01,1.1453333333333224,9800.000000000182
688,2025-01-29 09:25:00,SWEEP_bearish,sell,2758.39,2758.5899999999997,2757.99,2758.5899999999997,2025-01-29 09:30:00,loss,2.0,-199.99999999981813,-0.1999999999998181,0.01,1.192666666666658,9800.000000000182
689,2025-01-29 09:35:00,SWEEP_bearish,sell,2758.18,2758.3799999999997,2757.7799999999997,2757.7799999999997,2025-01-29 09:40:00,win,2.0,400.000000000091,0.40000000000009095,0.01,1.1719999999999648,10400.000000000091
690,2025-01-29 10:35:00,SWEEP_bullish,buy,2764.41,2764.21,2764.81,2764.21,2025-01-29 10:40:00,loss,2.0,-199.99999999981813,-0.1999999999998181,0.01,1.4886666666666315,9800.000000000182
691,2025-01-29 15:55:00,SWEEP_bullish,buy,2758.36,2758.1600000000003,2758.76,2758.1600000000003,2025-01-29 16:00:00,loss,2.0,-199.99999999981813,-0.1999999999998181,0.01,1.9553333333333285,9800.000000000182
692,2025-01-29 16:20:00,SWEEP_bullish,buy,2758.15,2757.9500000000003,2758.55,2757.9500000000003,2025-01-29 16:25:00,loss,2.0,-199.99999999981813,-0.1999999999998181,0.01,2.0880000000000107,9800.000000000182
693,2025-01-30 08:40:00,SWEEP_bullish,buy,2761.46,2761.26,2761.86,2761.26,2025-01-30 08:45:00,loss,2.0,-199.99999999981813,-0.1999999999998181,0.01,1.061333333333308,9800.000000000182
694,2025-01-30 09:20:00,SWEEP_bullish,buy,2767.26,2767.0600000000004,2767.6600000000003,2767.0600000000004,2025-01-30 09:25:00,loss,2.0,-199.99999999981813,-0.1999999999998181,0.01,1.4579999999999926,9800.000000000182
695,2025-01-30 09:55:00,SWEEP_bullish,buy,2768.76,2768.5600000000004,2769.1600000000003,2768.5600000000004,2025-01-30 10:00:00,loss,2.0,-199.99999999981813,-0.1999999999998181,0.01,1.5706666666667237,9800.000000000182
696,2025-01-30 10:10:00,SWEEP_bullish,buy,2770.6,2770.4,2771.0,2770.4,2025-01-30 10:15:00,loss,2.0,-199.99999999981813,-0.1999999999998181,0.01,1.4866666666667092,9800.000000000182
697,2025-01-30 14:50:00,SWEEP_bullish,buy,2780.19,2779.9900000000002,2780.59,2779.9900000000002,2025-01-30 14:55:00,loss,2.0,-199.99999999981813,-0.1999999999998181,0.01,1.1259999999999308,9800.000000000182
698,2025-01-30 16:00:00,SWEEP_bullish,buy,2784.43,2784.23,2784.83,2784.23,2025-01-30 16:05:00,loss,2.0,-199.99999999981813,-0.1999999999998181,0.01,1.9653333333332739,9800.000000000182
699,2025-01-30 16:55:00,SWEEP_bullish,buy,2787.39,2787.19,2787.79,2787.79,2025-01-30 17:00:00,win,2.0,400.000000000091,0.40000000000009095,0.01,2.4320000000000617,10400.000000000091
700,2025-01-31 10:55:00,SWEEP_bearish,sell,2793.49,2793.6899999999996,2793.0899999999997,2793.6899999999996,2025-01-31 11:00:00,loss,2.0,-199.99999999981813,-0.1999999999998181,0.01,1.7173333333331964,9800.000000000182
701,2025-01-31 13:40:00,SWEEP_bullish,buy,2797.15,2796.9500000000003,2797.55,2796.9500000000003,2025-01-31 13:45:00,loss,2.0,-199.99999999981813,-0.1999999999998181,0.01,1.5826666666666218,9800.000000000182
702,2025-01-31 14:05:00,SWEEP_bullish,buy,2800.93,2800.73,2801.33,2800.73,2025-01-31 14:10:00,loss,2.0,-199.99999999981813,-0.1999999999998181,0.01,1.6126666666666096,9800.000000000182
703,2025-01-31 14:30:00,SWEEP_bullish,buy,2804.97,2804.77,2805.37,2804.77,2025-01-31 14:35:00,loss,2.0,-199.99999999981813,-0.1999999999998181,0.01,1.8306666666666085,9800.000000000182
704,2025-01-31 15:40:00,SWEEP_bullish,buy,2807.06,2806.86,2807.46,2806.86,2025-01-31 15:45:00,loss,2.0,-199.99999999981813,-0.1999999999998181,0.01,1.896666666666685,9800.000000000182
705,2025-02-03 08:25:00,SWEEP_bullish,buy,2787.02,2786.82,2787.42,2786.82,2025-02-03 08:30:00,loss,2.0,-199.99999999981813,-0.1999999999998181,0.01,1.5766666666666425,9800.000000000182
706,2025-02-03 08:30:00,SWEEP_bullish,buy,2786.88,2786.6800000000003,2787.28,2786.6800000000003,2025-02-03 08:35:00,loss,2.0,-199.99999999981813,-0.1999999999998181,0.01,1.5559999999999794,9800.000000000182
707,2025-02-03 10:00:00,SWEEP_bullish,buy,2787.98,2787.78,2788.38,2787.78,2025-02-03 10:05:00,loss,2.0,-199.99999999981813,-0.1999999999998181,0.01,2.1160000000000156,9800.000000000182
708,2025-02-03 13:10:00,SWEEP_bullish,buy,2801.64,2801.44,2802.04,2801.44,2025-02-03 13:15:00,loss,2.0,-199.99999999981813,-0.1999999999998181,0.01,2.141999999999977,9800.000000000182
709,2025-02-03 14:30:00,SWEEP_bullish,buy,2803.15,2802.9500000000003,2803.55,2802.9500000000003,2025-02-03 14:35:00,loss,2.0,-199.99999999981813,-0.1999999999998181,0.01,1.5513333333333625,9800.000000000182
710,2025-02-03 15:00:00,SWEEP_bullish,buy,2809.52,2809.32,2809.92,2809.32,2025-02-03 15:05:00,loss,2.0,-199.99999999981813,-0.1999999999998181,0.01,2.0653333333333648,9800.000000000182
711,2025-02-03 15:05:00,SWEEP_bullish,buy,2808.03,2807.8300000000004,2808.4300000000003,2807.8300000000004,2025-02-03 15:10:00,loss,2.0,-199.99999999981813,-0.1999999999998181,0.01,2.2126666666667307,9800.000000000182
712,2025-02-03 16:00:00,SWEEP_bullish,buy,2810.49,2810.29,2810.89,2810.29,2025-02-03 16:05:00,loss,2.0,-199.99999999981813,-0.1999999999998181,0.01,2.008666666666674,9800.000000000182
713,2025-02-04 08:10:00,SWEEP_bearish,sell,2814.66,2814.8599999999997,2814.2599999999998,2814.2599999999998,2025-02-04 08:15:00,win,2.0,400.000000000091,0.40000000000009095,0.01,1.822666666666737,10400.000000000091
714,2025-02-04 09:30:00,SWEEP_bearish,sell,2809.28,2809.48,2808.88,2809.48,2025-02-04 09:35:00,loss,2.0,-199.99999999981813,-0.1999999999998181,0.01,1.8726666666667067,9800.000000000182
715,2025-02-04 10:20:00,SWEEP_bullish,buy,2817.12,2816.92,2817.52,2816.92,2025-02-04 10:25:00,loss,2.0,-199.99999999981813,-0.1999999999998181,0.01,2.538000000000041,9800.000000000182
716,2025-02-04 14:55:00,SWEEP_bullish,buy,2821.6,2821.4,2822.0,2821.4,2025-02-04 15:00:00,loss,2.0,-199.99999999981813,-0.1999999999998181,0.01,1.6726666666666763,9800.000000000182
717,2025-02-04 16:40:00,SWEEP_bullish,buy,2839.87,2839.67,2840.27,2839.67,2025-02-04 16:45:00,loss,2.0,-199.99999999981813,-0.1999999999998181,0.01,3.094000000000081,9800.000000000182
718,2025-02-04 16:50:00,SWEEP_bullish,buy,2840.08,2839.88,2840.48,2839.88,2025-02-04 16:55:00,loss,2.0,-199.99999999981813,-0.1999999999998181,0.01,2.9613333333333687,9800.000000000182
719,2025-02-05 08:25:00,SWEEP_bullish,buy,2860.92,2860.7200000000003,2861.32,2860.7200000000003,2025-02-05 08:30:00,loss,2.0,-199.99999999981813,-0.1999999999998181,0.01,1.8400000000000545,9800.000000000182
720,2025-02-05 10:25:00,SWEEP_bullish,buy,2865.24,2865.04,2865.64,2865.04,2025-02-05 10:30:00,loss,2.0,-199.99999999981813,-0.1999999999998181,0.01,1.788000000000011,9800.000000000182
721,2025-02-05 10:55:00,SWEEP_bullish,buy,2867.65,2867.4500000000003,2868.05,2867.4500000000003,2025-02-05 11:00:00,loss,2.0,-199.99999999981813,-0.1999999999998181,0.01,2.0553333333333588,9800.000000000182
722,2025-02-05 15:35:00,SWEEP_bearish,sell,2865.14,2865.3399999999997,2864.74,2865.3399999999997,2025-02-05 15:40:00,loss,2.0,-199.99999999981813,-0.1999999999998181,0.01,2.3726666666666762,9800.000000000182
723,2025-02-05 15:50:00,SWEEP_bearish,sell,2860.56,2860.7599999999998,2860.16,2860.7599999999998,2025-02-05 15:55:00,loss,2.0,-199.99999999981813,-0.1999999999998181,0.01,2.9053333333333287,9800.000000000182
724,2025-02-05 16:50:00,SWEEP_bullish,buy,2870.03,2869.8300000000004,2870.4300000000003,2870.4300000000003,2025-02-05 16:55:00,win,2.0,400.000000000091,0.40000000000009095,0.01,3.3013333333333623,10400.000000000091
725,2025-02-06 09:00:00,SWEEP_bearish,sell,2860.67,2860.87,2860.27,2860.87,2025-02-06 09:05:00,loss,2.0,-199.99999999981813,-0.1999999999998181,0.01,2.0600000000000063,9800.000000000182
726,2025-02-06 10:05:00,SWEEP_bearish,sell,2855.41,2855.6099999999997,2855.0099999999998,2855.6099999999997,2025-02-06 10:10:00,loss,2.0,-199.99999999981813,-0.1999999999998181,0.01,2.255333333333268,9800.000000000182
727,2025-02-06 13:20:00,SWEEP_bullish,buy,2860.87,2860.67,2861.27,2860.67,2025-02-06 13:25:00,loss,2.0,-199.99999999981813,-0.1999999999998181,0.01,1.8433333333333395,9800.000000000182
728,2025-02-06 13:40:00,SWEEP_bullish,buy,2865.29,2865.09,2865.69,2865.09,2025-02-06 13:45:00,loss,2.0,-199.99999999981813,-0.1999999999998181,0.01,2.0493333333332884,9800.000000000182
729,2025-02-06 13:50:00,SWEEP_bullish,buy,2864.76,2864.5600000000004,2865.1600000000003,2864.5600000000004,2025-02-06 13:55:00,loss,2.0,-199.99999999981813,-0.1999999999998181,0.01,2.095333333333292,9800.000000000182
730,2025-02-06 15:45:00,SWEEP_bearish,sell,2860.29,2860.49,2859.89,2859.89,2025-02-06 15:50:00,win,2.0,400.000000000091,0.40000000000009095,0.01,2.3560000000000096,10400.000000000091
731,2025-02-06 16:50:00,SWEEP_bearish,sell,2849.45,2849.6499999999996,2849.0499999999997,2849.0499999999997,2025-02-06 16:55:00,win,2.0,400.000000000091,0.40000000000009095,0.01,3.2359999999999975,10400.000000000091
732,2025-02-07 08:05:00,SWEEP_bearish,sell,2862.16,2862.3599999999997,2861.7599999999998,2862.3599999999997,2025-02-07 08:10:00,loss,2.0,-199.99999999981813,-0.1999999999998181,0.01,1.485333333333377,9800.000000000182
733,2025-02-07 08:55:00,SWEEP_bearish,sell,2860.54,2860.74,2860.14,2860.74,2025-02-07 09:00:00,loss,2.0,-199.99999999981813,-0.1999999999998181,0.01,1.7840000000000145,9800.000000000182
734,2025-02-07 10:10:00,SWEEP_bullish,buy,2864.97,2864.77,2865.37,2865.37,2025-02-07 10:15:00,win,2.0,400.000000000091,0.40000000000009095,0.01,1.454666666666617,10400.000000000091
735,2025-02-07 10:20:00,SWEEP_bullish,buy,2865.21,2865.01,2865.61,2865.01,2025-02-07 10:25:00,loss,2.0,-199.99999999981813,-0.1999999999998181,0.01,1.4359999999999673,9800.000000000182
736,2025-02-07 11:00:00,SWEEP_bullish,buy,2865.87,2865.67,2866.27,2866.27,2025-02-07 11:05:00,win,2.0,400.000000000091,0.40000000000009095,0.01,1.4693333333333005,10400.000000000091
737,2025-02-07 11:10:00,SWEEP_bullish,buy,2867.82,2867.6200000000003,2868.2200000000003,2868.2200000000003,2025-02-07 11:15:00,win,2.0,400.000000000091,0.40000000000009095,0.01,1.8466666666666545,10400.000000000091
738,2025-02-07 15:00:00,SWEEP_bearish,sell,2864.39,2864.5899999999997,2863.99,2863.99,2025-02-07 15:05:00,win,2.0,400.000000000091,0.40000000000009095,0.01,1.4673333333333176,10400.000000000091
739,2025-02-10 08:35:00,SWEEP_bullish,buy,2884.9,2884.7000000000003,2885.3,2884.7000000000003,2025-02-10 08:40:00,loss,2.0,-199.99999999981813,-0.1999999999998181,0.01,1.656666666666691,9800.000000000182
740,2025-02-10 09:35:00,SWEEP_bullish,buy,2893.78,2893.5800000000004,2894.1800000000003,2893.5800000000004,2025-02-10 09:40:00,loss,2.0,-199.99999999981813,-0.1999999999998181,0.01,2.33733333333336,9800.000000000182
741,2025-02-10 11:15:00,SWEEP_bullish,buy,2899.91,2899.71,2900.31,2900.31,2025-02-10 11:20:00,win,2.0,400.000000000091,0.40000000000009095,0.01,2.105333333333298,10400.000000000091
742,2025-02-10 11:25:00,SWEEP_bullish,buy,2899.87,2899.67,2900.27,2899.67,2025-02-10 11:30:00,loss,2.0,-199.99999999981813,-0.1999999999998181,0.01,2.0906666666666145,9800.000000000182
743,2025-02-10 11:35:00,SWEEP_bullish,buy,2901.22,2901.02,2901.62,2901.02,2025-02-10 11:40:00,loss,2.0,-199.99999999981813,-0.1999999999998181,0.01,2.2006666666665904,9800.000000000182
744,2025-02-10 15:20:00,SWEEP_bullish,buy,2905.66,2905.46,2906.06,2905.46,2025-02-10 15:25:00,loss,2.0,-199.99999999981813,-0.1999999999998181,0.01,2.6800000000000184,9800.000000000182
745,2025-02-10 15:45:00,SWEEP_bearish,sell,2900.68,2900.8799999999997,2900.2799999999997,2900.8799999999997,2025-02-10 15:50:00,loss,2.0,-199.99999999981813,-0.1999999999998181,0.01,2.95600000000004,9800.000000000182
746,2025-02-10 16:05:00,SWEEP_bearish,sell,2898.32,2898.52,2897.92,2898.52,2025-02-10 16:10:00,loss,2.0,-199.99999999981813,-0.1999999999998181,0.01,3.466000000000046,9800.000000000182
747,2025-02-11 09:30:00,SWEEP_bearish,sell,2911.3,2911.5,2910.9,2911.5,2025-02-11 09:35:00,loss,2.0,-199.99999999981813,-0.1999999999998181,0.01,3.1293333333332156,9800.000000000182
748,2025-02-11 11:00:00,SWEEP_bearish,sell,2911.71,2911.91,2911.31,2911.31,2025-02-11 11:05:00,win,2.0,400.000000000091,0.40000000000009095,0.01,3.417999999999908,10400.000000000091
749,2025-02-11 11:45:00,SWEEP_bearish,sell,2905.32,2905.52,2904.92,2905.52,2025-02-11 11:50:00,loss,2.0,-199.99999999981813,-0.1999999999998181,0.01,2.7946666666666715,9800.000000000182
750,2025-02-11 14:10:00,SWEEP_bearish,sell,2900.21,2900.41,2899.81,2900.41,2025-02-11 14:15:00,loss,2.0,-199.99999999981813,-0.1999999999998181,0.01,2.1520000000000135,9800.000000000182
751,2025-02-11 16:10:00,SWEEP_bullish,buy,2898.25,2898.05,2898.65,2898.05,2025-02-11 16:15:00,loss,2.0,-199.99999999981813,-0.1999999999998181,0.01,4.729999999999988,9800.000000000182
752,2025-02-12 08:20:00,SWEEP_bullish,buy,2891.55,2891.3500000000004,2891.9500000000003,2891.3500000000004,2025-02-12 08:25:00,loss,2.0,-199.99999999981813,-0.1999999999998181,0.01,2.064666666666623,9800.000000000182
753,2025-02-12 14:00:00,SWEEP_bearish,sell,2881.83,2882.0299999999997,2881.43,2882.0299999999997,2025-02-12 14:05:00,loss,2.0,-199.99999999981813,-0.1999999999998181,0.01,2.2460000000000644,9800.000000000182
754,2025-02-12 15:20:00,SWEEP_bearish,sell,2877.26,2877.46,2876.86,2877.46,2025-02-12 15:25:00,loss,2.0,-199.99999999981813,-0.1999999999998181,0.01,2.821333333333344,9800.000000000182
755,2025-02-12 16:15:00,SWEEP_bullish,buy,2892.85,2892.65,2893.25,2892.65,2025-02-12 16:20:00,loss,2.0,-199.99999999981813,-0.1999999999998181,0.01,6.222666666666707,9800.000000000182
756,2025-02-12 16:35:00,SWEEP_bullish,buy,2895.82,2895.6200000000003,2896.2200000000003,2895.6200000000003,2025-02-12 16:40:00,loss,2.0,-199.99999999981813,-0.1999999999998181,0.01,6.063999999999941,9800.000000000182
757,2025-02-13 08:05:00,SWEEP_bearish,sell,2918.22,2918.4199999999996,2917.8199999999997,2917.8199999999997,2025-02-13 08:10:00,win,2.0,400.000000000091,0.40000000000009095,0.01,1.9866666666666788,10400.000000000091
758,2025-02-13 10:40:00,SWEEP_bearish,sell,2911.83,2912.0299999999997,2911.43,2912.0299999999997,2025-02-13 10:45:00,loss,2.0,-199.99999999981813,-0.1999999999998181,0.01,3.1220000000000256,9800.000000000182
759,2025-02-13 14:40:00,SWEEP_bullish,buy,2919.75,2919.55,2920.15,2919.55,2025-02-13 14:45:00,loss,2.0,-199.99999999981813,-0.1999999999998181,0.01,1.8166666666666365,9800.000000000182
760,2025-02-13 15:30:00,SWEEP_bearish,sell,2914.71,2914.91,2914.31,2914.91,2025-02-13 15:35:00,loss,2.0,-199.99999999981813,-0.1999999999998181,0.01,2.767333333333378,9800.000000000182
761,2025-02-14 08:10:00,SWEEP_bullish,buy,2931.09,2930.8900000000003,2931.4900000000002,2930.8900000000003,2025-02-14 08:15:00,loss,2.0,-199.99999999981813,-0.1999999999998181,0.01,1.6580000000000836,9800.000000000182
762,2025-02-14 08:45:00,SWEEP_bullish,buy,2935.72,2935.52,2936.12,2935.52,2025-02-14 08:50:00,loss,2.0,-199.99999999981813,-0.1999999999998181,0.01,1.7866666666667697,9800.000000000182
763,2025-02-14 10:20:00,SWEEP_bullish,buy,2936.86,2936.6600000000003,2937.26,2936.6600000000003,2025-02-14 10:25:00,loss,2.0,-199.99999999981813,-0.1999999999998181,0.01,2.191999999999977,9800.000000000182
764,2025-02-14 15:35:00,SWEEP_bullish,buy,2930.45,2930.25,2930.85,2930.25,2025-02-14 15:40:00,loss,2.0,-199.99999999981813,-0.1999999999998181,0.01,2.6600000000000366,9800.000000000182
765,2025-02-14 15:45:00,SWEEP_bearish,sell,2920.9,2921.1,2920.5,2921.1,2025-02-14 15:50:00,loss,2.0,-199.99999999981813,-0.1999999999998181,0.01,3.528666666666686,9800.000000000182
766,2025-02-17 08:10:00,SWEEP_bearish,sell,2893.07,2893.27,2892.67,2893.27,2025-02-17 08:15:00,loss,2.0,-199.99999999981813,-0.1999999999998181,0.01,2.38733333333336,9800.000000000182
767,2025-02-18 11:35:00,SWEEP_bullish,buy,2911.99,2911.79,2912.39,2911.79,2025-02-18 11:40:00,loss,2.0,-199.99999999981813,-0.1999999999998181,0.01,1.4553333333333285,9800.000000000182
768,2025-02-18 14:00:00,SWEEP_bullish,buy,2913.7,2913.5,2914.1,2913.5,2025-02-18 14:05:00,loss,2.0,-199.99999999981813,-0.1999999999998181,0.01,1.2866666666667697,9800.000000000182
769,2025-02-18 14:30:00,SWEEP_bullish,buy,2914.12,2913.92,2914.52,2914.52,2025-02-18 14:35:00,win,2.0,400.000000000091,0.40000000000009095,0.01,1.3706666666667238,10400.000000000091
770,2025-02-18 15:00:00,SWEEP_bullish,buy,2917.2,2917.0,2917.6,2917.0,2025-02-18 15:05:00,loss,2.0,-199.99999999981813,-0.1999999999998181,0.01,1.6740000000000086,9800.000000000182
771,2025-02-18 15:45:00,SWEEP_bullish,buy,2918.61,2918.4100000000003,2919.01,2918.4100000000003,2025-02-18 15:50:00,loss,2.0,-199.99999999981813,-0.1999999999998181,0.01,2.377999999999944,9800.000000000182
772,2025-02-18 16:10:00,SWEEP_bullish,buy,2919.89,2919.69,2920.29,2919.69,2025-02-18 16:15:00,loss,2.0,-199.99999999981813,-0.1999999999998181,0.01,2.316666666666606,9800.000000000182
773,2025-02-18 16:35:00,SWEEP_bullish,buy,2922.37,2922.17,2922.77,2922.77,2025-02-18 16:40:00,win,2.0,400.000000000091,0.40000000000009095,0.01,2.190666666666645,10400.000000000091
774,2025-02-19 10:30:00,SWEEP_bullish,buy,2938.56,2938.36,2938.96,2938.36,2025-02-19 10:35:00,loss,2.0,-199.99999999981813,-0.1999999999998181,0.01,1.4520000000000437,9800.000000000182
775,2025-02-19 13:40:00,SWEEP_bearish,sell,2941.08,2941.2799999999997,2940.68,2941.2799999999997,2025-02-19 13:45:00,loss,2.0,-199.99999999981813,-0.1999999999998181,0.01,1.3973333333332751,9800.000000000182
776,2025-02-19 15:35:00,SWEEP_bullish,buy,2940.6,2940.4,2941.0,2940.4,2025-02-19 15:40:00,loss,2.0,-199.99999999981813,-0.1999999999998181,0.01,2.592000000000007,9800.000000000182
777,2025-02-20 08:00:00,SWEEP_bullish,buy,2946.45,2946.25,2946.85,2946.25,2025-02-20 08:05:00,loss,2.0,-199.99999999981813,-0.1999999999998181,0.01,1.2506666666665902,9800.000000000182
778,2025-02-20 08:30:00,SWEEP_bullish,buy,2945.31,2945.11,2945.71,2945.11,2025-02-20 08:35:00,loss,2.0,-199.99999999981813,-0.1999999999998181,0.01,1.3086666666666436,9800.000000000182
779,2025-02-20 08:55:00,SWEEP_bullish,buy,2947.8,2947.6000000000004,2948.2000000000003,2947.6000000000004,2025-02-20 09:00:00,loss,2.0,-199.99999999981813,-0.1999999999998181,0.01,1.5533333333333454,9800.000000000182
780,2025-02-20 11:00:00,SWEEP_bullish,buy,2953.65,2953.4500000000003,2954.05,2953.4500000000003,2025-02-20 11:05:00,loss,2.0,-199.99999999981813,-0.1999999999998181,0.01,1.5220000000000256,9800.000000000182
781,2025-02-20 15:50:00,SWEEP_bearish,sell,2936.53,2936.73,2936.13,2936.73,2025-02-20 15:55:00,loss,2.0,-199.99999999981813,-0.1999999999998181,0.01,3.2926666666666278,9800.000000000182
782,2025-02-21 13:15:00,SWEEP_bullish,buy,2932.88,2932.6800000000003,2933.28,2932.6800000000003,2025-02-21 13:20:00,loss,2.0,-199.99999999981813,-0.1999999999998181,0.01,1.452666666666634,9800.000000000182
783,2025-02-21 14:00:00,SWEEP_bearish,sell,2928.55,2928.75,2928.15,2928.75,2025-02-21 14:05:00,loss,2.0,-199.99999999981813,-0.1999999999998181,0.01,2.0926666666667186,9800.000000000182
784,2025-02-24 09:50:00,SWEEP_bullish,buy,2942.26,2942.0600000000004,2942.6600000000003,2942.0600000000004,2025-02-24 09:55:00,loss,2.0,-199.99999999981813,-0.1999999999998181,0.01,1.6873333333333904,9800.000000000182
785,2025-02-24 10:00:00,SWEEP_bullish,buy,2942.9,2942.7000000000003,2943.3,2942.7000000000003,2025-02-24 10:05:00,loss,2.0,-199.99999999981813,-0.1999999999998181,0.01,1.75600000000004,9800.000000000182
786,2025-02-24 10:55:00,SWEEP_bullish,buy,2946.4,2946.2000000000003,2946.8,2946.2000000000003,2025-02-24 11:00:00,loss,2.0,-199.99999999981813,-0.1999999999998181,0.01,2.397999999999956,9800.000000000182
787,2025-02-24 15:40:00,SWEEP_bullish,buy,2951.51,2951.3100000000004,2951.9100000000003,2951.3100000000004,2025-02-24 15:45:00,loss,2.0,-199.99999999981813,-0.1999999999998181,0.01,2.0679999999999383,9800.000000000182
788,2025-02-24 16:40:00,SWEEP_bearish,sell,2942.36,2942.56,2941.96,2942.56,2025-02-24 16:45:00,loss,2.0,-199.99999999981813,-0.1999999999998181,0.01,3.5513333333331807,9800.000000000182
789,2025-02-25 08:15:00,SWEEP_bearish,sell,2937.02,2937.22,2936.62,2937.22,2025-02-25 08:20:00,loss,2.0,-199.99999999981813,-0.1999999999998181,0.01,1.5020000000000133,9800.000000000182
790,2025-02-25 11:00:00,SWEEP_bullish,buy,2939.74,2939.54,2940.14,2939.54,2025-02-25 11:05:00,loss,2.0,-199.99999999981813,-0.1999999999998181,0.01,2.4553333333333285,9800.000000000182
791,2025-02-25 13:00:00,SWEEP_bearish,sell,2939.19,2939.39,2938.79,2939.39,2025-02-25 13:05:00,loss,2.0,-199.99999999981813,-0.1999999999998181,0.01,1.8080000000000231,9800.000000000182
792,2025-02-25 14:45:00,SWEEP_bearish,sell,2926.79,2926.99,2926.39,2926.99,2025-02-25 14:50:00,loss,2.0,-199.99999999981813,-0.1999999999998181,0.01,2.626666666666703,9800.000000000182
793,2025-02-25 16:05:00,SWEEP_bullish,buy,2938.66,2938.46,2939.06,2938.46,2025-02-25 16:10:00,loss,2.0,-199.99999999981813,-0.1999999999998181,0.01,3.016666666666788,9800.000000000182
794,2025-02-26 08:35:00,SWEEP_bearish,sell,2909.3,2909.5,2908.9,2909.5,2025-02-26 08:40:00,loss,2.0,-199.99999999981813,-0.1999999999998181,0.01,2.3659999999999553,9800.000000000182
795,2025-02-26 09:00:00,SWEEP_bearish,sell,2907.26,2907.46,2906.86,2907.46,2025-02-26 09:05:00,loss,2.0,-199.99999999981813,-0.1999999999998181,0.01,2.1259999999999915,9800.000000000182
796,2025-02-26 09:50:00,SWEEP_bullish,buy,2915.48,2915.28,2915.88,2915.28,2025-02-26 09:55:00,loss,2.0,-199.99999999981813,-0.1999999999998181,0.01,2.222000000000056,9800.000000000182
797,2025-02-26 11:00:00,SWEEP_bullish,buy,2917.13,2916.9300000000003,2917.53,2916.9300000000003,2025-02-26 11:05:00,loss,2.0,-199.99999999981813,-0.1999999999998181,0.01,2.4926666666665978,9800.000000000182
798,2025-02-26 15:20:00,SWEEP_bearish,sell,2911.43,2911.6299999999997,2911.0299999999997,2911.6299999999997,2025-02-26 15:25:00,loss,2.0,-199.99999999981813,-0.1999999999998181,0.01,2.0913333333332655,9800.000000000182
799,2025-02-27 09:30:00,SWEEP_bearish,sell,2892.47,2892.6699999999996,2892.0699999999997,2892.6699999999996,2025-02-27 09:35:00,loss,2.0,-199.99999999981813,-0.1999999999998181,0.01,2.7873333333333297,9800.000000000182
800,2025-02-27 13:35:00,SWEEP_bearish,sell,2887.64,2887.8399999999997,2887.24,2887.8399999999997,2025-02-27 13:40:00,loss,2.0,-199.99999999981813,-0.1999999999998181,0.01,2.3559999999999794,9800.000000000182
801,2025-02-27 14:05:00,SWEEP_bearish,sell,2884.01,2884.21,2883.61,2884.21,2025-02-27 14:10:00,loss,2.0,-199.99999999981813,-0.1999999999998181,0.01,2.4453333333332923,9800.000000000182
802,2025-02-27 16:20:00,SWEEP_bullish,buy,2890.34,2890.1400000000003,2890.7400000000002,2890.1400000000003,2025-02-27 16:25:00,loss,2.0,-199.99999999981813,-0.1999999999998181,0.01,4.08799999999995,9800.000000000182
803,2025-02-28 09:25:00,SWEEP_bearish,sell,2859.14,2859.3399999999997,2858.74,2859.3399999999997,2025-02-28 09:30:00,loss,2.0,-199.99999999981813,-0.1999999999998181,0.01,1.8453333333332922,9800.000000000182
804,2025-02-28 10:20:00,SWEEP_bearish,sell,2855.05,2855.25,2854.65,2855.25,2025-02-28 10:25:00,loss,2.0,-199.99999999981813,-0.1999999999998181,0.01,2.353999999999966,9800.000000000182
805,2025-02-28 10:45:00,SWEEP_bearish,sell,2852.12,2852.3199999999997,2851.72,2852.3199999999997,2025-02-28 10:50:00,loss,2.0,-199.99999999981813,-0.1999999999998181,0.01,2.38733333333339,9800.000000000182
806,2025-02-28 11:25:00,SWEEP_bullish,buy,2862.11,2861.9100000000003,2862.51,2861.9100000000003,2025-02-28 11:30:00,loss,2.0,-199.99999999981813,-0.1999999999998181,0.01,2.6466666666667154,9800.000000000182
807,2025-02-28 13:20:00,SWEEP_bearish,sell,2862.08,2862.2799999999997,2861.68,2862.2799999999997,2025-02-28 13:25:00,loss,2.0,-199.99999999981813,-0.1999999999998181,0.01,1.6866666666666181,9800.000000000182
808,2025-02-28 14:45:00,SWEEP_bearish,sell,2857.56,2857.7599999999998,2857.16,2857.7599999999998,2025-02-28 14:50:00,loss,2.0,-199.99999999981813,-0.1999999999998181,0.01,2.0213333333332835,9800.000000000182
809,2025-03-03 11:05:00,SWEEP_bullish,buy,2868.78,2868.5800000000004,2869.1800000000003,2868.5800000000004,2025-03-03 11:10:00,loss,2.0,-199.99999999981813,-0.1999999999998181,0.01,2.2179999999999986,9800.000000000182
810,2025-03-03 14:05:00,SWEEP_bullish,buy,2875.01,2874.8100000000004,2875.4100000000003,2874.8100000000004,2025-03-03 14:10:00,loss,2.0,-199.99999999981813,-0.1999999999998181,0.01,1.6846666666666352,9800.000000000182
811,2025-03-03 14:35:00,SWEEP_bullish,buy,2876.49,2876.29,2876.89,2876.29,2025-03-03 14:40:00,loss,2.0,-199.99999999981813,-0.1999999999998181,0.01,1.4866666666665878,9800.000000000182
812,2025-03-03 15:10:00,SWEEP_bearish,sell,2874.7,2874.8999999999996,2874.2999999999997,2874.8999999999996,2025-03-03 15:15:00,loss,2.0,-199.99999999981813,-0.1999999999998181,0.01,2.213999999999942,9800.000000000182
813,2025-03-03 16:40:00,SWEEP_bullish,buy,2878.22,2878.02,2878.62,2878.02,2025-03-03 16:45:00,loss,2.0,-199.99999999981813,-0.1999999999998181,0.01,2.5740000000000083,9800.000000000182
814,2025-03-04 08:15:00,SWEEP_bearish,sell,2888.45,2888.6499999999996,2888.0499999999997,2888.6499999999996,2025-03-04 08:20:00,loss,2.0,-199.99999999981813,-0.1999999999998181,0.01,1.6893333333333431,9800.000000000182
815,2025-03-04 08:40:00,SWEEP_bearish,sell,2886.37,2886.5699999999997,2885.97,2886.5699999999997,2025-03-04 08:45:00,loss,2.0,-199.99999999981813,-0.1999999999998181,0.01,1.7079999999999624,9800.000000000182
816,2025-03-04 13:40:00,SWEEP_bullish,buy,2918.94,2918.7400000000002,2919.34,2918.7400000000002,2025-03-04 13:45:00,loss,2.0,-199.99999999981813,-0.1999999999998181,0.01,1.6520000000000132,9800.000000000182
817,2025-03-05 08:00:00,SWEEP_bullish,buy,2917.78,2917.5800000000004,2918.1800000000003,2917.5800000000004,2025-03-05 08:05:00,loss,2.0,-199.99999999981813,-0.1999999999998181,0.01,1.6739999999999782,9800.000000000182
818,2025-03-05 09:50:00,SWEEP_bearish,sell,2914.85,2915.0499999999997,2914.45,2915.0499999999997,2025-03-05 09:55:00,loss,2.0,-199.99999999981813,-0.1999999999998181,0.01,2.206666666666691,9800.000000000182
819,2025-03-05 10:15:00,SWEEP_bullish,buy,2921.05,2920.8500000000004,2921.4500000000003,2920.8500000000004,2025-03-05 10:20:00,loss,2.0,-199.99999999981813,-0.1999999999998181,0.01,2.34399999999999,9800.000000000182
820,2025-03-05 11:35:00,SWEEP_bearish,sell,2916.4,2916.6,2916.0,2916.6,2025-03-05 11:40:00,loss,2.0,-199.99999999981813,-0.1999999999998181,0.01,2.0800000000000183,9800.000000000182
821,2025-03-05 14:15:00,SWEEP_bullish,buy,2917.14,2916.94,2917.54,2916.94,2025-03-05 14:20:00,loss,2.0,-199.99999999981813,-0.1999999999998181,0.01,1.8699999999999515,9800.000000000182
822,2025-03-05 15:50:00,SWEEP_bearish,sell,2896.85,2897.0499999999997,2896.45,2897.0499999999997,2025-03-05 15:55:00,loss,2.0,-199.99999999981813,-0.1999999999998181,0.01,4.183333333333364,9800.000000000182
823,2025-03-06 10:50:00,SWEEP_bearish,sell,2904.26,2904.46,2903.86,2904.46,2025-03-06 10:55:00,loss,2.0,-199.99999999981813,-0.1999999999998181,0.01,3.3280000000000047,9800.000000000182
824,2025-03-06 11:40:00,SWEEP_bearish,sell,2899.04,2899.24,2898.64,2899.24,2025-03-06 11:45:00,loss,2.0,-199.99999999981813,-0.1999999999998181,0.01,2.910666666666566,9800.000000000182
825,2025-03-06 11:55:00,SWEEP_bearish,sell,2894.23,2894.43,2893.83,2894.43,2025-03-06 12:00:00,loss,2.0,-199.99999999981813,-0.1999999999998181,0.01,3.109999999999885,9800.000000000182
826,2025-03-06 15:15:00,SWEEP_bullish,buy,2905.56,2905.36,2905.96,2905.36,2025-03-06 15:20:00,loss,2.0,-199.99999999981813,-0.1999999999998181,0.01,3.0906666666667055,9800.000000000182
827,2025-03-06 16:35:00,SWEEP_bullish,buy,2911.64,2911.44,2912.04,2911.44,2025-03-06 16:40:00,loss,2.0,-199.99999999981813,-0.1999999999998181,0.01,3.836666666666679,9800.000000000182
828,2025-03-06 16:55:00,SWEEP_bullish,buy,2914.79,2914.59,2915.19,2915.19,2025-03-06 17:00:00,win,2.0,400.000000000091,0.40000000000009095,0.01,3.4400000000000244,10400.000000000091
829,2025-03-07 10:05:00,SWEEP_bullish,buy,2917.09,2916.8900000000003,2917.4900000000002,2916.8900000000003,2025-03-07 10:10:00,loss,2.0,-199.99999999981813,-0.1999999999998181,0.01,1.6786666666666255,9800.000000000182
830,2025-03-07 10:30:00,SWEEP_bullish,buy,2919.59,2919.3900000000003,2919.9900000000002,2919.3900000000003,2025-03-07 10:35:00,loss,2.0,-199.99999999981813,-0.1999999999998181,0.01,1.6899999999999635,9800.000000000182
831,2025-03-07 10:55:00,SWEEP_bullish,buy,2922.2,2922.0,2922.6,2922.0,2025-03-07 11:00:00,loss,2.0,-199.99999999981813,-0.1999999999998181,0.01,1.7033333333333152,9800.000000000182
832,2025-03-07 13:50:00,SWEEP_bearish,sell,2918.09,2918.29,2917.69,2918.29,2025-03-07 13:55:00,loss,2.0,-199.99999999981813,-0.1999999999998181,0.01,1.7713333333334655,9800.000000000182
833,2025-03-07 14:25:00,SWEEP_bullish,buy,2921.31,2921.11,2921.71,2921.11,2025-03-07 14:30:00,loss,2.0,-199.99999999981813,-0.1999999999998181,0.01,1.649333333333349,9800.000000000182
834,2025-03-07 15:25:00,SWEEP_bearish,sell,2912.12,2912.3199999999997,2911.72,2912.3199999999997,2025-03-07 15:30:00,loss,2.0,-199.99999999981813,-0.1999999999998181,0.01,2.3940000000000814,9800.000000000182
835,2025-03-07 15:35:00,SWEEP_bullish,buy,2918.33,2918.13,2918.73,2918.73,2025-03-07 15:40:00,win,2.0,400.000000000091,0.40000000000009095,0.01,3.2940000000000813,10400.000000000091
836,2025-03-10 09:10:00,SWEEP_bullish,buy,2910.7,2910.5,2911.1,2910.5,2025-03-10 09:15:00,loss,2.0,-199.99999999981813,-0.1999999999998181,0.01,1.705333333333359,9800.000000000182
837,2025-03-10 09:35:00,SWEEP_bullish,buy,2912.21,2912.01,2912.61,2912.01,2025-03-10 09:40:00,loss,2.0,-199.99999999981813,-0.1999999999998181,0.01,1.7306666666666388,9800.000000000182
838,2025-03-10 10:00:00,SWEEP_bullish,buy,2914.04,2913.84,2914.44,2913.84,2025-03-10 10:05:00,loss,2.0,-199.99999999981813,-0.1999999999998181,0.01,1.633333333333303,9800.000000000182
839,2025-03-10 10:30:00,SWEEP_bullish,buy,2914.79,2914.59,2915.19,2914.59,2025-03-10 10:35:00,loss,2.0,-199.99999999981813,-0.1999999999998181,0.01,1.5473333333333055,9800.000000000182
840,2025-03-10 10:55:00,SWEEP_bearish,sell,2908.35,2908.5499999999997,2907.95,2908.5499999999997,2025-03-10 11:00:00,loss,2.0,-199.99999999981813,-0.1999999999998181,0.01,2.3106666666666267,9800.000000000182
841,2025-03-10 14:20:00,SWEEP_bearish,sell,2901.01,2901.21,2900.61,2901.21,2025-03-10 14:25:00,loss,2.0,-199.99999999981813,-0.1999999999998181,0.01,3.0500000000000305,9800.000000000182
842,2025-03-10 14:40:00,SWEEP_bearish,sell,2897.53,2897.73,2897.13,2897.73,2025-03-10 14:45:00,loss,2.0,-199.99999999981813,-0.1999999999998181,0.01,2.940666666666736,9800.000000000182
843,2025-03-10 15:30:00,SWEEP_bullish,buy,2905.28,2905.0800000000004,2905.6800000000003,2905.0800000000004,2025-03-10 15:35:00,loss,2.0,-199.99999999981813,-0.1999999999998181,0.01,3.2146666666667745,9800.000000000182
844,2025-03-10 16:10:00,SWEEP_bullish,buy,2906.48,2906.28,2906.88,2906.28,2025-03-10 16:15:00,loss,2.0,-199.99999999981813,-0.1999999999998181,0.01,2.8740000000000085,9800.000000000182
845,2025-03-10 16:35:00,SWEEP_bearish,sell,2900.51,2900.71,2900.11,2900.71,2025-03-10 16:40:00,loss,2.0,-199.99999999981813,-0.1999999999998181,0.01,2.8766666666666727,9800.000000000182
846,2025-03-11 08:35:00,SWEEP_bullish,buy,2897.88,2897.6800000000003,2898.28,2897.6800000000003,2025-03-11 08:40:00,loss,2.0,-199.99999999981813,-0.1999999999998181,0.01,1.0086666666666133,9800.000000000182
847,2025-03-11 08:55:00,SWEEP_bearish,sell,2895.72,2895.9199999999996,2895.3199999999997,2895.9199999999996,2025-03-11 09:00:00,loss,2.0,-199.99999999981813,-0.1999999999998181,0.01,1.3819999999999708,9800.000000000182
848,2025-03-11 13:25:00,SWEEP_bullish,buy,2912.68,2912.48,2913.08,2912.48,2025-03-11 13:30:00,loss,2.0,-199.99999999981813,-0.1999999999998181,0.01,1.5599999999999759,9800.000000000182
849,2025-03-11 13:45:00,SWEEP_bullish,buy,2913.85,2913.65,2914.25,2913.65,2025-03-11 13:50:00,loss,2.0,-199.99999999981813,-0.1999999999998181,0.01,1.6166666666666363,9800.000000000182
850,2025-03-11 16:15:00,SWEEP_bearish,sell,2908.84,2909.04,2908.44,2909.04,2025-03-11 16:20:00,loss,2.0,-199.99999999981813,-0.1999999999998181,0.01,2.2353333333333465,9800.000000000182
851,2025-03-12 08:25:00,SWEEP_bearish,sell,2913.32,2913.52,2912.92,2913.52,2025-03-12 08:30:00,loss,2.0,-199.99999999981813,-0.1999999999998181,0.01,1.2966666666666546,9800.000000000182
852,2025-03-12 09:10:00,SWEEP_bullish,buy,2919.85,2919.65,2920.25,2919.65,2025-03-12 09:15:00,loss,2.0,-199.99999999981813,-0.1999999999998181,0.01,1.4986666666667285,9800.000000000182
853,2025-03-12 10:05:00,SWEEP_bearish,sell,2912.12,2912.3199999999997,2911.72,2912.3199999999997,2025-03-12 10:10:00,loss,2.0,-199.99999999981813,-0.1999999999998181,0.01,2.137999999999981,9800.000000000182
854,2025-03-12 10:20:00,SWEEP_bearish,sell,2912.08,2912.2799999999997,2911.68,2912.2799999999997,2025-03-12 10:25:00,loss,2.0,-199.99999999981813,-0.1999999999998181,0.01,2.167999999999999,9800.000000000182
855,2025-03-12 11:25:00,SWEEP_bullish,buy,2917.28,2917.0800000000004,2917.6800000000003,2917.0800000000004,2025-03-12 11:30:00,loss,2.0,-199.99999999981813,-0.1999999999998181,0.01,1.8413333333333262,9800.000000000182
856,2025-03-12 11:50:00,SWEEP_bullish,buy,2919.94,2919.7400000000002,2920.34,2920.34,2025-03-12 11:55:00,win,2.0,400.000000000091,0.40000000000009095,0.01,1.703999999999966,10400.000000000091
857,2025-03-12 13:30:00,SWEEP_bearish,sell,2914.3,2914.5,2913.9,2913.9,2025-03-12 13:35:00,win,2.0,400.000000000091,0.40000000000009095,0.01,1.7580000000000533,10400.000000000091
858,2025-03-12 14:30:00,SWEEP_bearish,sell,2914.84,2915.04,2914.44,2915.04,2025-03-12 14:35:00,loss,2.0,-199.99999999981813,-0.1999999999998181,0.01,1.4273333333333842,9800.000000000182
859,2025-03-12 16:25:00,SWEEP_bearish,sell,2910.84,2911.04,2910.44,2911.04,2025-03-12 16:30:00,loss,2.0,-199.99999999981813,-0.1999999999998181,0.01,3.6806666666666086,9800.000000000182
860,2025-03-13 08:20:00,SWEEP_bearish,sell,2943.24,2943.4399999999996,2942.8399999999997,2942.8399999999997,2025-03-13 08:25:00,win,2.0,400.000000000091,0.40000000000009095,0.01,0.9420000000000376,10400.000000000091
861,2025-03-13 08:50:00,SWEEP_bearish,sell,2940.06,2940.2599999999998,2939.66,2940.2599999999998,2025-03-13 08:55:00,loss,2.0,-199.99999999981813,-0.1999999999998181,0.01,1.4120000000000195,9800.000000000182
862,2025-03-13 10:25:00,SWEEP_bearish,sell,2935.42,2935.62,2935.02,2935.02,2025-03-13 10:30:00,win,2.0,400.000000000091,0.40000000000009095,0.01,1.4959999999999734,10400.000000000091
863,2025-03-13 11:35:00,SWEEP_bullish,buy,2943.05,2942.8500000000004,2943.4500000000003,2942.8500000000004,2025-03-13 11:40:00,loss,2.0,-199.99999999981813,-0.1999999999998181,0.01,2.00600000000004,9800.000000000182
864,2025-03-13 15:05:00,SWEEP_bullish,buy,2947.34,2947.1400000000003,2947.7400000000002,2947.1400000000003,2025-03-13 15:10:00,loss,2.0,-199.99999999981813,-0.1999999999998181,0.01,1.5680000000000593,9800.000000000182
865,2025-03-13 15:35:00,SWEEP_bearish,sell,2945.4,2945.6,2945.0,2945.6,2025-03-13 15:40:00,loss,2.0,-199.99999999981813,-0.1999999999998181,0.01,2.2860000000000884,9800.000000000182
866,2025-03-13 16:00:00,SWEEP_bearish,sell,2942.66,2942.8599999999997,2942.2599999999998,2942.8599999999997,2025-03-13 16:05:00,loss,2.0,-199.99999999981813,-0.1999999999998181,0.01,2.7560000000000704,9800.000000000182
867,2025-03-13 16:45:00,SWEEP_bullish,buy,2948.39,2948.19,2948.79,2948.19,2025-03-13 16:50:00,loss,2.0,-199.99999999981813,-0.1999999999998181,0.01,2.9186666666667103,9800.000000000182
868,2025-03-14 08:50:00,SWEEP_bearish,sell,2984.76,2984.96,2984.36,2984.96,2025-03-14 08:55:00,loss,2.0,-199.99999999981813,-0.1999999999998181,0.01,1.8966666666666243,9800.000000000182
869,2025-03-14 09:20:00,SWEEP_bearish,sell,2982.56,2982.7599999999998,2982.16,2982.7599999999998,2025-03-14 09:25:00,loss,2.0,-199.99999999981813,-0.1999999999998181,0.01,2.0326666666666826,9800.000000000182
870,2025-03-14 10:25:00,SWEEP_bearish,sell,2983.78,2983.98,2983.38,2983.98,2025-03-14 10:30:00,loss,2.0,-199.99999999981813,-0.1999999999998181,0.01,2.1326666666666823,9800.000000000182
871,2025-03-14 13:40:00,SWEEP_bearish,sell,2990.24,2990.4399999999996,2989.8399999999997,2990.4399999999996,2025-03-14 13:45:00,loss,2.0,-199.99999999981813,-0.1999999999998181,0.01,2.943333333333309,9800.000000000182
872,2025-03-14 16:00:00,SWEEP_bearish,sell,2994.04,2994.24,2993.64,2994.24,2025-03-14 16:05:00,loss,2.0,-199.99999999981813,-0.1999999999998181,0.01,2.4433333333332787,9800.000000000182
873,2025-03-14 16:35:00,SWEEP_bearish,sell,2989.41,2989.6099999999997,2989.0099999999998,2989.6099999999997,2025-03-14 16:40:00,loss,2.0,-199.99999999981813,-0.1999999999998181,0.01,3.0913333333332957,9800.000000000182
874,2025-03-17 09:30:00,SWEEP_bullish,buy,2989.72,2989.52,2990.12,2989.52,2025-03-17 09:35:00,loss,2.0,-199.99999999981813,-0.1999999999998181,0.01,1.4359999999999975,9800.000000000182
875,2025-03-17 13:05:00,SWEEP_bullish,buy,2996.28,2996.0800000000004,2996.6800000000003,2996.0800000000004,2025-03-17 13:10:00,loss,2.0,-199.99999999981813,-0.1999999999998181,0.01,1.4146666666667442,9800.000000000182
876,2025-03-17 13:20:00,SWEEP_bullish,buy,2995.14,2994.94,2995.54,2995.54,2025-03-17 13:25:00,win,2.0,400.000000000091,0.40000000000009095,0.01,1.4006666666667116,10400.000000000091
877,2025-03-17 13:35:00,SWEEP_bullish,buy,2996.51,2996.3100000000004,2996.9100000000003,2996.9100000000003,2025-03-17 13:40:00,win,2.0,400.000000000091,0.40000000000009095,0.01,1.4493333333333793,10400.000000000091
878,2025-03-17 14:15:00,SWEEP_bullish,buy,2999.54,2999.34,2999.94,2999.94,2025-03-17 14:20:00,win,2.0,400.000000000091,0.40000000000009095,0.01,1.410666666666657,10400.000000000091
879,2025-03-17 14:45:00,SWEEP_bullish,buy,2999.76,2999.5600000000004,3000.1600000000003,2999.5600000000004,2025-03-17 14:50:00,loss,2.0,-199.99999999981813,-0.1999999999998181,0.01,1.4086666666666436,9800.000000000182
880,2025-03-17 15:55:00,SWEEP_bearish,sell,2987.28,2987.48,2986.88,2987.48,2025-03-17 16:00:00,loss,2.0,-199.99999999981813,-0.1999999999998181,0.01,3.763333333333291,9800.000000000182
881,2025-03-18 08:25:00,SWEEP_bearish,sell,3007.53,3007.73,3007.13,3007.73,2025-03-18 08:30:00,loss,2.0,-199.99999999981813,-0.1999999999998181,0.01,1.6093333333332642,9800.000000000182
882,2025-03-18 15:10:00,SWEEP_bullish,buy,3030.2,3030.0,3030.6,3030.0,2025-03-18 15:15:00,loss,2.0,-199.99999999981813,-0.1999999999998181,0.01,2.129333333333337,9800.000000000182
883,2025-03-18 15:20:00,SWEEP_bullish,buy,3028.14,3027.94,3028.54,3027.94,2025-03-18 15:25:00,loss,2.0,-199.99999999981813,-0.1999999999998181,0.01,2.299333333333349,9800.000000000182
884,2025-03-18 16:30:00,SWEEP_bullish,buy,3033.75,3033.55,3034.15,3033.55,2025-03-18 16:35:00,loss,2.0,-199.99999999981813,-0.1999999999998181,0.01,2.933999999999954,9800.000000000182
885,2025-03-18 16:40:00,SWEEP_bearish,sell,3028.03,3028.23,3027.63,3028.23,2025-03-18 16:45:00,loss,2.0,-199.99999999981813,-0.1999999999998181,0.01,3.1846666666666654,9800.000000000182
886,2025-03-19 14:30:00,SWEEP_bullish,buy,3039.1,3038.9,3039.5,3038.9,2025-03-19 14:35:00,loss,2.0,-199.99999999981813,-0.1999999999998181,0.01,1.8526666666666036,9800.000000000182
887,2025-03-19 14:45:00,SWEEP_bullish,buy,3039.01,3038.8100000000004,3039.4100000000003,3038.8100000000004,2025-03-19 14:50:00,loss,2.0,-199.99999999981813,-0.1999999999998181,0.01,1.7153333333332437,9800.000000000182
888,2025-03-19 15:05:00,SWEEP_bullish,buy,3038.03,3037.8300000000004,3038.4300000000003,3038.4300000000003,2025-03-19 15:10:00,win,2.0,400.000000000091,0.40000000000009095,0.01,1.5986666666666376,10400.000000000091
889,2025-03-19 15:45:00,SWEEP_bullish,buy,3039.38,3039.1800000000003,3039.78,3039.1800000000003,2025-03-19 15:50:00,loss,2.0,-199.99999999981813,-0.1999999999998181,0.01,1.7153333333333043,9800.000000000182
890,2025-03-19 16:00:00,SWEEP_bearish,sell,3037.87,3038.0699999999997,3037.47,3038.0699999999997,2025-03-19 16:05:00,loss,2.0,-199.99999999981813,-0.1999999999998181,0.01,1.757999999999932,9800.000000000182
891,2025-03-19 16:15:00,SWEEP_bearish,sell,3035.91,3036.1099999999997,3035.5099999999998,3036.1099999999997,2025-03-19 16:20:00,loss,2.0,-199.99999999981813,-0.1999999999998181,0.01,1.9713333333332532,9800.000000000182
892,2025-03-20 08:40:00,SWEEP_bearish,sell,3047.02,3047.22,3046.62,3047.22,2025-03-20 08:45:00,loss,2.0,-199.99999999981813,-0.1999999999998181,0.01,2.007333333333433,9800.000000000182
893,2025-03-20 10:20:00,SWEEP_bearish,sell,3045.99,3046.1899999999996,3045.5899999999997,3046.1899999999996,2025-03-20 10:25:00,loss,2.0,-199.99999999981813,-0.1999999999998181,0.01,1.988666666666662,9800.000000000182
894,2025-03-20 11:10:00,SWEEP_bearish,sell,3042.63,3042.83,3042.23,3042.23,2025-03-20 11:15:00,win,2.0,400.000000000091,0.40000000000009095,0.01,2.03133333333332,10400.000000000091
895,2025-03-20 15:20:00,SWEEP_bullish,buy,3036.51,3036.3100000000004,3036.9100000000003,3036.3100000000004,2025-03-20 15:25:00,loss,2.0,-199.99999999981813,-0.1999999999998181,0.01,2.1746666666666594,9800.000000000182
896,2025-03-20 15:50:00,SWEEP_bullish,buy,3040.28,3040.0800000000004,3040.6800000000003,3040.0800000000004,2025-03-20 15:55:00,loss,2.0,-199.99999999981813,-0.1999999999998181,0.01,2.120666666666663,9800.000000000182
897,2025-03-21 09:10:00,SWEEP_bullish,buy,3030.99,3030.79,3031.39,3030.79,2025-03-21 09:15:00,loss,2.0,-199.99999999981813,-0.1999999999998181,0.01,2.004666666666617,9800.000000000182
898,2025-03-21 09:35:00,SWEEP_bullish,buy,3032.67,3032.4700000000003,3033.07,3032.4700000000003,2025-03-21 09:40:00,loss,2.0,-199.99999999981813,-0.1999999999998181,0.01,2.0259999999999914,9800.000000000182
899,2025-03-21 09:40:00,SWEEP_bullish,buy,3032.28,3032.0800000000004,3032.6800000000003,3032.0800000000004,2025-03-21 09:45:00,loss,2.0,-199.99999999981813,-0.1999999999998181,0.01,2.135333333333316,9800.000000000182
900,2025-03-21 15:10:00,SWEEP_bullish,buy,3035.49,3035.29,3035.89,3035.29,2025-03-21 15:15:00,loss,2.0,-199.99999999981813,-0.1999999999998181,0.01,2.141333333333326,9800.000000000182
901,2025-03-21 15:50:00,SWEEP_bullish,buy,3035.86,3035.6600000000003,3036.26,3035.6600000000003,2025-03-21 15:55:00,loss,2.0,-199.99999999981813,-0.1999999999998181,0.01,2.330666666666669,9800.000000000182
902,2025-03-21 16:50:00,SWEEP_bearish,sell,3011.51,3011.71,3011.11,3011.71,2025-03-21 16:55:00,loss,2.0,-199.99999999981813,-0.1999999999998181,0.01,3.9893333333333127,9800.000000000182
903,2025-03-24 09:30:00,SWEEP_bullish,buy,3021.88,3021.6800000000003,3022.28,3021.6800000000003,2025-03-24 09:35:00,loss,2.0,-199.99999999981813,-0.1999999999998181,0.01,1.5033333333332848,9800.000000000182
904,2025-03-24 13:30:00,SWEEP_bullish,buy,3030.05,3029.8500000000004,3030.4500000000003,3029.8500000000004,2025-03-24 13:35:00,loss,2.0,-199.99999999981813,-0.1999999999998181,0.01,2.1766666666666423,9800.000000000182
905,2025-03-24 15:50:00,SWEEP_bearish,sell,3024.48,3024.68,3024.08,3024.68,2025-03-24 15:55:00,loss,2.0,-199.99999999981813,-0.1999999999998181,0.01,1.7653333333333345,9800.000000000182
906,2025-03-25 08:15:00,SWEEP_bullish,buy,3017.88,3017.6800000000003,3018.28,3018.28,2025-03-25 08:20:00,win,2.0,400.000000000091,0.40000000000009095,0.01,1.1320000000000618,10400.000000000091
907,2025-03-25 10:50:00,SWEEP_bearish,sell,3013.0,3013.2,3012.6,3012.6,2025-03-25 10:55:00,win,2.0,400.000000000091,0.40000000000009095,0.01,1.562666666666731,10400.000000000091
908,2025-03-25 13:00:00,SWEEP_bullish,buy,3022.84,3022.6400000000003,3023.2400000000002,3022.6400000000003,2025-03-25 13:05:00,loss,2.0,-199.99999999981813,-0.1999999999998181,0.01,1.4053333333333284,9800.000000000182
909,2025-03-25 14:30:00,SWEEP_bullish,buy,3024.8,3024.6000000000004,3025.2000000000003,3024.6000000000004,2025-03-25 14:35:00,loss,2.0,-199.99999999981813,-0.1999999999998181,0.01,1.590666666666675,9800.000000000182
910,2025-03-25 15:10:00,SWEEP_bearish,sell,3018.18,3018.3799999999997,3017.7799999999997,3018.3799999999997,2025-03-25 15:15:00,loss,2.0,-199.99999999981813,-0.1999999999998181,0.01,1.841999999999977,9800.000000000182
911,2025-03-25 15:20:00,SWEEP_bearish,sell,3016.47,3016.6699999999996,3016.0699999999997,3016.6699999999996,2025-03-25 15:25:00,loss,2.0,-199.99999999981813,-0.1999999999998181,0.01,2.0299999999999576,9800.000000000182
912,2025-03-25 16:40:00,SWEEP_bullish,buy,3027.36,3027.1600000000003,3027.76,3027.1600000000003,2025-03-25 16:45:00,loss,2.0,-199.99999999981813,-0.1999999999998181,0.01,2.466666666666606,9800.000000000182
913,2025-03-26 08:00:00,SWEEP_bearish,sell,3015.59,3015.79,3015.19,3015.79,2025-03-26 08:05:00,loss,2.0,-199.99999999981813,-0.1999999999998181,0.01,1.0660000000000158,9800.000000000182
914,2025-03-26 08:10:00,SWEEP_bearish,sell,3014.89,3015.0899999999997,3014.49,3015.0899999999997,2025-03-26 08:15:00,loss,2.0,-199.99999999981813,-0.1999999999998181,0.01,1.216666666666697,9800.000000000182
915,2025-03-26 09:35:00,SWEEP_bullish,buy,3024.32,3024.1200000000003,3024.7200000000003,3024.1200000000003,2025-03-26 09:40:00,loss,2.0,-199.99999999981813,-0.1999999999998181,0.01,1.6679999999999684,9800.000000000182
916,2025-03-26 10:00:00,SWEEP_bullish,buy,3025.8,3025.6000000000004,3026.2000000000003,3026.2000000000003,2025-03-26 10:05:00,win,2.0,400.000000000091,0.40000000000009095,0.01,1.4880000000000109,10400.000000000091
917,2025-03-26 10:35:00,SWEEP_bullish,buy,3027.37,3027.17,3027.77,3027.77,2025-03-26 10:40:00,win,2.0,400.000000000091,0.40000000000009095,0.01,1.3320000000000618,10400.000000000091
918,2025-03-26 10:50:00,SWEEP_bullish,buy,3029.15,3028.9500000000003,3029.55,3028.9500000000003,2025-03-26 10:55:00,loss,2.0,-199.99999999981813,-0.1999999999998181,0.01,1.4,9800.000000000182
919,2025-03-26 13:55:00,SWEEP_bullish,buy,3023.26,3023.0600000000004,3023.6600000000003,3023.6600000000003,2025-03-26 14:00:00,win,2.0,400.000000000091,0.40000000000009095,0.01,1.7533333333332848,10400.000000000091
920,2025-03-26 14:30:00,SWEEP_bullish,buy,3028.0,3027.8,3028.4,3028.4,2025-03-26 14:35:00,win,2.0,400.000000000091,0.40000000000009095,0.01,1.53133333333332,10400.000000000091
921,2025-03-26 14:40:00,SWEEP_bullish,buy,3028.93,3028.73,3029.33,3028.73,2025-03-26 14:45:00,loss,2.0,-199.99999999981813,-0.1999999999998181,0.01,1.5659999999999854,9800.000000000182
922,2025-03-26 16:10:00,SWEEP_bearish,sell,3025.72,3025.9199999999996,3025.3199999999997,3025.9199999999996,2025-03-26 16:15:00,loss,2.0,-199.99999999981813,-0.1999999999998181,0.01,2.058666666666704,9800.000000000182
923,2025-03-26 16:20:00,SWEEP_bearish,sell,3023.61,3023.81,3023.21,3023.81,2025-03-26 16:25:00,loss,2.0,-199.99999999981813,-0.1999999999998181,0.01,2.1500000000000608,9800.000000000182
924,2025-03-26 16:40:00,SWEEP_bearish,sell,3022.01,3022.21,3021.61,3022.21,2025-03-26 16:45:00,loss,2.0,-199.99999999981813,-0.1999999999998181,0.01,2.389333333333343,9800.000000000182
925,2025-03-26 16:50:00,SWEEP_bearish,sell,3019.64,3019.8399999999997,3019.24,3019.24,2025-03-26 16:55:00,win,2.0,400.000000000091,0.40000000000009095,0.01,2.4126666666666705,10400.000000000091
926,2025-03-27 09:00:00,SWEEP_bearish,sell,3032.07,3032.27,3031.67,3032.27,2025-03-27 09:05:00,loss,2.0,-199.99999999981813,-0.1999999999998181,0.01,2.134666666666635,9800.000000000182
927,2025-03-27 09:45:00,SWEEP_bearish,sell,3028.76,3028.96,3028.36,3028.96,2025-03-27 09:50:00,loss,2.0,-199.99999999981813,-0.1999999999998181,0.01,2.1599999999999153,9800.000000000182
928,2025-03-27 11:20:00,SWEEP_bullish,buy,3036.51,3036.3100000000004,3036.9100000000003,3036.3100000000004,2025-03-27 11:25:00,loss,2.0,-199.99999999981813,-0.1999999999998181,0.01,1.8973333333333053,9800.000000000182
929,2025-03-27 13:35:00,SWEEP_bullish,buy,3052.12,3051.92,3052.52,3051.92,2025-03-27 13:40:00,loss,2.0,-199.99999999981813,-0.1999999999998181,0.01,2.686666666666709,9800.000000000182
930,2025-03-27 15:30:00,SWEEP_bearish,sell,3050.93,3051.1299999999997,3050.5299999999997,3051.1299999999997,2025-03-27 15:35:00,loss,2.0,-199.99999999981813,-0.1999999999998181,0.01,2.2359999999999975,9800.000000000182
931,2025-03-27 16:00:00,SWEEP_bearish,sell,3050.93,3051.1299999999997,3050.5299999999997,3051.1299999999997,2025-03-27 16:05:00,loss,2.0,-199.99999999981813,-0.1999999999998181,0.01,2.5659999999999856,9800.000000000182
932,2025-03-27 16:40:00,SWEEP_bearish,sell,3037.22,3037.4199999999996,3036.8199999999997,3037.4199999999996,2025-03-27 16:45:00,loss,2.0,-199.99999999981813,-0.1999999999998181,0.01,3.691999999999977,9800.000000000182
933,2025-03-28 08:45:00,SWEEP_bullish,buy,3077.37,3077.17,3077.77,3077.17,2025-03-28 08:50:00,loss,2.0,-199.99999999981813,-0.1999999999998181,0.01,1.5486666666666982,9800.000000000182
934,2025-03-28 08:55:00,SWEEP_bullish,buy,3077.54,3077.34,3077.94,3077.34,2025-03-28 09:00:00,loss,2.0,-199.99999999981813,-0.1999999999998181,0.01,1.8566666666667213,9800.000000000182
935,2025-03-28 09:30:00,SWEEP_bullish,buy,3081.21,3081.01,3081.61,3081.01,2025-03-28 09:35:00,loss,2.0,-199.99999999981813,-0.1999999999998181,0.01,2.4000000000000608,9800.000000000182
936,2025-03-28 10:05:00,SWEEP_bullish,buy,3083.52,3083.32,3083.92,3083.32,2025-03-28 10:10:00,loss,2.0,-199.99999999981813,-0.1999999999998181,0.01,2.2613333333334293,9800.000000000182
937,2025-03-28 10:50:00,SWEEP_bearish,sell,3080.5,3080.7,3080.1,3080.1,2025-03-28 10:55:00,win,2.0,400.000000000091,0.40000000000009095,0.01,2.1773333333334146,10400.000000000091
938,2025-03-28 14:05:00,SWEEP_bullish,buy,3075.47,3075.27,3075.87,3075.87,2025-03-28 14:10:00,win,2.0,400.000000000091,0.40000000000009095,0.01,1.9179999999999382,10400.000000000091
939,2025-03-28 15:20:00,SWEEP_bearish,sell,3075.87,3076.0699999999997,3075.47,3076.0699999999997,2025-03-28 15:25:00,loss,2.0,-199.99999999981813,-0.1999999999998181,0.01,1.794666666666611,9800.000000000182
940,2025-03-28 16:15:00,SWEEP_bearish,sell,3074.25,3074.45,3073.85,3074.45,2025-03-28 16:20:00,loss,2.0,-199.99999999981813,-0.1999999999998181,0.01,3.199333333333258,9800.000000000182
941,2025-03-31 08:55:00,SWEEP_bullish,buy,3116.35,3116.15,3116.75,3116.15,2025-03-31 09:00:00,loss,2.0,-199.99999999981813,-0.1999999999998181,0.01,3.0026666666666038,9800.000000000182
942,2025-03-31 13:10:00,SWEEP_bearish,sell,3114.87,3115.0699999999997,3114.47,3115.0699999999997,2025-03-31 13:15:00,loss,2.0,-199.99999999981813,-0.1999999999998181,0.01,2.4753333333332495,9800.000000000182
943,2025-03-31 13:50:00,SWEEP_bullish,buy,3119.15,3118.9500000000003,3119.55,3118.9500000000003,2025-03-31 13:55:00,loss,2.0,-199.99999999981813,-0.1999999999998181,0.01,2.8833333333333333,9800.000000000182
944,2025-03-31 15:30:00,SWEEP_bullish,buy,3121.54,3121.34,3121.94,3121.34,2025-03-31 15:35:00,loss,2.0,-199.99999999981813,-0.1999999999998181,0.01,2.8106666666667177,9800.000000000182
945,2025-03-31 16:45:00,SWEEP_bearish,sell,3105.03,3105.23,3104.63,3105.23,2025-03-31 16:50:00,loss,2.0,-199.99999999981813,-0.1999999999998181,0.01,4.295333333333383,9800.000000000182
946,2025-04-01 08:35:00,SWEEP_bullish,buy,3146.47,3146.27,3146.87,3146.27,2025-04-01 08:40:00,loss,2.0,-199.99999999981813,-0.1999999999998181,0.01,2.0826666666666824,9800.000000000182
947,2025-04-01 16:10:00,SWEEP_bullish,buy,3134.69,3134.4900000000002,3135.09,3134.4900000000002,2025-04-01 16:15:00,loss,2.0,-199.99999999981813,-0.1999999999998181,0.01,2.598000000000017,9800.000000000182
948,2025-04-02 08:00:00,SWEEP_bearish,sell,3117.02,3117.22,3116.62,3116.62,2025-04-02 08:05:00,win,2.0,400.000000000091,0.40000000000009095,0.01,2.0273333333333237,10400.000000000091
949,2025-04-02 08:30:00,SWEEP_bearish,sell,3112.85,3113.0499999999997,3112.45,3113.0499999999997,2025-04-02 08:35:00,loss,2.0,-199.99999999981813,-0.1999999999998181,0.01,2.7033333333333758,9800.000000000182
950,2025-04-02 11:10:00,SWEEP_bullish,buy,3125.43,3125.23,3125.83,3125.23,2025-04-02 11:15:00,loss,2.0,-199.99999999981813,-0.1999999999998181,0.01,2.6293333333332765,9800.000000000182
951,2025-04-02 11:35:00,SWEEP_bullish,buy,3131.93,3131.73,3132.33,3131.73,2025-04-02 11:40:00,loss,2.0,-199.99999999981813,-0.1999999999998181,0.01,2.6619999999999893,9800.000000000182
952,2025-04-02 13:55:00,SWEEP_bearish,sell,3114.41,3114.6099999999997,3114.0099999999998,3114.6099999999997,2025-04-02 14:00:00,loss,2.0,-199.99999999981813,-0.1999999999998181,0.01,2.7306666666666692,9800.000000000182
953,2025-04-02 15:30:00,SWEEP_bullish,buy,3124.39,3124.19,3124.79,3124.19,2025-04-02 15:35:00,loss,2.0,-199.99999999981813,-0.1999999999998181,0.01,2.893333333333309,9800.000000000182
954,2025-04-02 16:35:00,SWEEP_bullish,buy,3128.72,3128.52,3129.12,3128.52,2025-04-02 16:40:00,loss,2.0,-199.99999999981813,-0.1999999999998181,0.01,3.3066666666667515,9800.000000000182
955,2025-04-03 09:30:00,SWEEP_bearish,sell,3124.04,3124.24,3123.64,3124.24,2025-04-03 09:35:00,loss,2.0,-199.99999999981813,-0.1999999999998181,0.01,4.871333333333374,9800.000000000182
956,2025-04-03 13:00:00,SWEEP_bearish,sell,3121.83,3122.0299999999997,3121.43,3122.0299999999997,2025-04-03 13:05:00,loss,2.0,-199.99999999981813,-0.1999999999998181,0.01,3.0273333333332935,9800.000000000182
957,2025-04-03 13:10:00,SWEEP_bearish,sell,3119.11,3119.31,3118.71,3119.31,2025-04-03 13:15:00,loss,2.0,-199.99999999981813,-0.1999999999998181,0.01,4.055333333333298,9800.000000000182
958,2025-04-03 13:35:00,SWEEP_bearish,sell,3107.0,3107.2,3106.6,3107.2,2025-04-03 13:40:00,loss,2.0,-199.99999999981813,-0.1999999999998181,0.01,5.273333333333327,9800.000000000182
959,2025-04-03 14:00:00,SWEEP_bearish,sell,3096.25,3096.45,3095.85,3096.45,2025-04-03 14:05:00,loss,2.0,-199.99999999981813,-0.1999999999998181,0.01,6.753333333333345,9800.000000000182
960,2025-04-03 14:40:00,SWEEP_bearish,sell,3091.21,3091.41,3090.81,3091.41,2025-04-03 14:45:00,loss,2.0,-199.99999999981813,-0.1999999999998181,0.01,6.115333333333243,9800.000000000182
961,2025-04-03 15:40:00,SWEEP_bearish,sell,3065.89,3066.0899999999997,3065.49,3066.0899999999997,2025-04-03 15:45:00,loss,2.0,-199.99999999981813,-0.1999999999998181,0.01,5.540000000000024,9800.000000000182
962,2025-04-03 16:50:00,SWEEP_bullish,buy,3087.54,3087.34,3087.94,3087.34,2025-04-03 16:55:00,loss,2.0,-199.99999999981813,-0.1999999999998181,0.01,8.128000000000005,9800.000000000182
963,2025-04-04 09:50:00,SWEEP_bearish,sell,3101.7,3101.8999999999996,3101.2999999999997,3101.8999999999996,2025-04-04 09:55:00,loss,2.0,-199.99999999981813,-0.1999999999998181,0.01,2.6013333333332715,9800.000000000182
964,2025-04-04 11:40:00,SWEEP_bearish,sell,3083.17,3083.37,3082.77,3083.37,2025-04-04 11:45:00,loss,2.0,-199.99999999981813,-0.1999999999998181,0.01,3.8193333333333004,9800.000000000182
965,2025-04-04 15:25:00,SWEEP_bearish,sell,3097.13,3097.33,3096.73,3097.33,2025-04-04 15:30:00,loss,2.0,-199.99999999981813,-0.1999999999998181,0.01,8.584000000000014,9800.000000000182
966,2025-04-04 15:40:00,SWEEP_bearish,sell,3088.97,3089.1699999999996,3088.5699999999997,3089.1699999999996,2025-04-04 15:45:00,loss,2.0,-199.99999999981813,-0.1999999999998181,0.01,10.552666666666694,9800.000000000182
967,2025-04-04 15:55:00,SWEEP_bearish,sell,3071.31,3071.5099999999998,3070.91,3071.5099999999998,2025-04-04 16:00:00,loss,2.0,-199.99999999981813,-0.1999999999998181,0.01,10.933333333333364,9800.000000000182
968,2025-04-04 16:35:00,SWEEP_bearish,sell,3075.17,3075.37,3074.77,3075.37,2025-04-04 16:40:00,loss,2.0,-199.99999999981813,-0.1999999999998181,0.01,10.686000000000028,9800.000000000182
969,2025-04-07 08:00:00,SWEEP_bullish,buy,3031.69,3031.4900000000002,3032.09,3031.4900000000002,2025-04-07 08:05:00,loss,2.0,-199.99999999981813,-0.1999999999998181,0.01,4.735333333333407,9800.000000000182
970,2025-04-07 11:55:00,SWEEP_bullish,buy,3031.18,3030.98,3031.58,3030.98,2025-04-07 12:00:00,loss,2.0,-199.99999999981813,-0.1999999999998181,0.01,5.133333333333364,9800.000000000182
971,2025-04-07 13:40:00,SWEEP_bullish,buy,3032.16,3031.96,3032.56,3031.96,2025-04-07 13:45:00,loss,2.0,-199.99999999981813,-0.1999999999998181,0.01,4.773333333333388,9800.000000000182
972,2025-04-07 15:05:00,SWEEP_bearish,sell,3029.01,3029.21,3028.61,3028.61,2025-04-07 15:10:00,win,2.0,400.000000000091,0.40000000000009095,0.01,5.136000000000028,10400.000000000091
973,2025-04-07 15:15:00,SWEEP_bearish,sell,3030.01,3030.21,3029.61,3030.21,2025-04-07 15:20:00,loss,2.0,-199.99999999981813,-0.1999999999998181,0.01,5.150666666666711,9800.000000000182
974,2025-04-07 15:40:00,SWEEP_bearish,sell,3020.44,3020.64,3020.04,3020.64,2025-04-07 15:45:00,loss,2.0,-199.99999999981813,-0.1999999999998181,0.01,5.501999999999983,9800.000000000182
975,2025-04-08 08:15:00,SWEEP_bullish,buy,3001.86,3001.6600000000003,3002.26,3001.6600000000003,2025-04-08 08:20:00,loss,2.0,-199.99999999981813,-0.1999999999998181,0.01,2.7666666666666666,9800.000000000182
976,2025-04-08 09:40:00,SWEEP_bullish,buy,3013.64,3013.44,3014.04,3013.44,2025-04-08 09:45:00,loss,2.0,-199.99999999981813,-0.1999999999998181,0.01,3.818000000000029,9800.000000000182
977,2025-04-08 10:45:00,SWEEP_bearish,sell,3004.81,3005.0099999999998,3004.41,3005.0099999999998,2025-04-08 10:50:00,loss,2.0,-199.99999999981813,-0.1999999999998181,0.01,3.639999999999994,9800.000000000182
978,2025-04-08 13:30:00,SWEEP_bullish,buy,3007.07,3006.8700000000003,3007.4700000000003,3006.8700000000003,2025-04-08 13:35:00,loss,2.0,-199.99999999981813,-0.1999999999998181,0.01,3.4479999999999564,9800.000000000182
979,2025-04-08 15:25:00,SWEEP_bearish,sell,3009.56,3009.7599999999998,3009.16,3009.7599999999998,2025-04-08 15:30:00,loss,2.0,-199.99999999981813,-0.1999999999998181,0.01,4.230000000000018,9800.000000000182
980,2025-04-09 08:20:00,SWEEP_bullish,buy,3017.83,3017.63,3018.23,3017.63,2025-04-09 08:25:00,loss,2.0,-199.99999999981813,-0.1999999999998181,0.01,4.267333333333257,9800.000000000182
981,2025-04-09 13:20:00,SWEEP_bearish,sell,3039.92,3040.12,3039.52,3040.12,2025-04-09 13:25:00,loss,2.0,-199.99999999981813,-0.1999999999998181,0.01,3.4299999999999273,9800.000000000182
982,2025-04-09 14:00:00,SWEEP_bearish,sell,3043.44,3043.64,3043.04,3043.64,2025-04-09 14:05:00,loss,2.0,-199.99999999981813,-0.1999999999998181,0.01,3.489999999999903,9800.000000000182
983,2025-04-09 14:25:00,SWEEP_bullish,buy,3060.43,3060.23,3060.83,3060.23,2025-04-09 14:30:00,loss,2.0,-199.99999999981813,-0.1999999999998181,0.01,4.8193333333332395,9800.000000000182
984,2025-04-09 14:30:00,SWEEP_bullish,buy,3058.98,3058.78,3059.38,3058.78,2025-04-09 14:35:00,loss,2.0,-199.99999999981813,-0.1999999999998181,0.01,5.0259999999999305,9800.000000000182
985,2025-04-10 08:05:00,SWEEP_bullish,buy,3129.97,3129.77,3130.37,3129.77,2025-04-10 08:10:00,loss,2.0,-199.99999999981813,-0.1999999999998181,0.01,3.4633333333333516,9800.000000000182
986,2025-04-10 11:35:00,SWEEP_bearish,sell,3108.97,3109.1699999999996,3108.5699999999997,3109.1699999999996,2025-04-10 11:40:00,loss,2.0,-199.99999999981813,-0.1999999999998181,0.01,4.970666666666663,9800.000000000182
987,2025-04-10 14:30:00,SWEEP_bullish,buy,3121.51,3121.3100000000004,3121.9100000000003,3121.3100000000004,2025-04-10 14:35:00,loss,2.0,-199.99999999981813,-0.1999999999998181,0.01,3.471333333333344,9800.000000000182
988,2025-04-10 15:30:00,SWEEP_bullish,buy,3124.8,3124.6000000000004,3125.2000000000003,3124.6000000000004,2025-04-10 15:35:00,loss,2.0,-199.99999999981813,-0.1999999999998181,0.01,4.1173333333332875,9800.000000000182
989,2025-04-11 08:05:00,SWEEP_bearish,sell,3207.35,3207.5499999999997,3206.95,3207.5499999999997,2025-04-11 08:10:00,loss,2.0,-199.99999999981813,-0.1999999999998181,0.01,2.7953333333333226,9800.000000000182
990,2025-04-11 08:10:00,SWEEP_bearish,sell,3208.6,3208.7999999999997,3208.2,3208.7999999999997,2025-04-11 08:15:00,loss,2.0,-199.99999999981813,-0.1999999999998181,0.01,3.049333333333349,9800.000000000182
991,2025-04-11 08:30:00,SWEEP_bullish,buy,3213.22,3213.02,3213.62,3213.02,2025-04-11 08:35:00,loss,2.0,-199.99999999981813,-0.1999999999998181,0.01,3.731999999999971,9800.000000000182
992,2025-04-11 08:45:00,SWEEP_bearish,sell,3191.3,3191.5,3190.9,3191.5,2025-04-11 08:50:00,loss,2.0,-199.99999999981813,-0.1999999999998181,0.01,5.41866666666662,9800.000000000182
993,2025-04-11 11:00:00,SWEEP_bullish,buy,3210.2,3210.0,3210.6,3210.0,2025-04-11 11:05:00,loss,2.0,-199.99999999981813,-0.1999999999998181,0.01,5.625333333333401,9800.000000000182
994,2025-04-11 16:00:00,SWEEP_bullish,buy,3231.03,3230.8300000000004,3231.4300000000003,3231.4300000000003,2025-04-11 16:05:00,win,2.0,400.000000000091,0.40000000000009095,0.01,4.963333333333321,10400.000000000091
995,2025-04-11 16:10:00,SWEEP_bullish,buy,3233.51,3233.3100000000004,3233.9100000000003,3233.3100000000004,2025-04-11 16:15:00,loss,2.0,-199.99999999981813,-0.1999999999998181,0.01,4.926666666666643,9800.000000000182
996,2025-04-14 08:25:00,SWEEP_bearish,sell,3225.16,3225.3599999999997,3224.7599999999998,3225.3599999999997,2025-04-14 08:30:00,loss,2.0,-199.99999999981813,-0.1999999999998181,0.01,2.6826666666666825,9800.000000000182
997,2025-04-14 10:45:00,SWEEP_bearish,sell,3228.96,3229.16,3228.56,3229.16,2025-04-14 10:50:00,loss,2.0,-199.99999999981813,-0.1999999999998181,0.01,2.6166666666666667,9800.000000000182
998,2025-04-14 10:55:00,SWEEP_bearish,sell,3227.9,3228.1,3227.5,3228.1,2025-04-14 11:00:00,loss,2.0,-199.99999999981813,-0.1999999999998181,0.01,2.849333333333319,9800.000000000182
999,2025-04-14 15:05:00,SWEEP_bullish,buy,3225.0,3224.8,3225.4,3224.8,2025-04-14 15:10:00,loss,2.0,-199.99999999981813,-0.1999999999998181,0.01,3.089999999999994,9800.000000000182
1000,2025-04-14 16:15:00,SWEEP_bearish,sell,3199.02,3199.22,3198.62,3199.22,2025-04-14 16:20:00,loss,2.0,-199.99999999981813,-0.1999999999998181,0.01,5.9486666666666075,9800.000000000182
1001,2025-04-15 08:45:00,SWEEP_bearish,sell,3223.54,3223.74,3223.14,3223.74,2025-04-15 08:50:00,loss,2.0,-199.99999999981813,-0.1999999999998181,0.01,2.3786666666666556,9800.000000000182
1002,2025-04-15 10:35:00,SWEEP_bearish,sell,3220.01,3220.21,3219.61,3220.21,2025-04-15 10:40:00,loss,2.0,-199.99999999981813,-0.1999999999998181,0.01,2.321333333333344,9800.000000000182
1003,2025-04-15 11:15:00,SWEEP_bullish,buy,3229.63,3229.4300000000003,3230.03,3229.4300000000003,2025-04-15 11:20:00,loss,2.0,-199.99999999981813,-0.1999999999998181,0.01,2.89933333333344,9800.000000000182
1004,2025-04-15 11:25:00,SWEEP_bullish,buy,3229.2,3229.0,3229.6,3229.0,2025-04-15 11:30:00,loss,2.0,-199.99999999981813,-0.1999999999998181,0.01,2.924666666666811,9800.000000000182
1005,2025-04-15 15:15:00,SWEEP_bullish,buy,3222.61,3222.4100000000003,3223.01,3222.4100000000003,2025-04-15 15:20:00,loss,2.0,-199.99999999981813,-0.1999999999998181,0.01,2.3706666666666023,9800.000000000182
1006,2025-04-15 15:25:00,SWEEP_bearish,sell,3219.3,3219.5,3218.9,3219.5,2025-04-15 15:30:00,loss,2.0,-199.99999999981813,-0.1999999999998181,0.01,2.857999999999932,9800.000000000182
1007,2025-04-16 09:20:00,SWEEP_bullish,buy,3290.18,3289.98,3290.58,3289.98,2025-04-16 09:25:00,loss,2.0,-199.99999999981813,-0.1999999999998181,0.01,2.802666666666725,9800.000000000182
1008,2025-04-16 09:35:00,SWEEP_bullish,buy,3289.78,3289.5800000000004,3290.1800000000003,3289.5800000000004,2025-04-16 09:40:00,loss,2.0,-199.99999999981813,-0.1999999999998181,0.01,2.816666666666667,9800.000000000182
1009,2025-04-16 10:05:00,SWEEP_bullish,buy,3292.24,3292.04,3292.64,3292.04,2025-04-16 10:10:00,loss,2.0,-199.99999999981813,-0.1999999999998181,0.01,3.3813333333332594,9800.000000000182
1010,2025-04-16 10:15:00,SWEEP_bullish,buy,3294.33,3294.13,3294.73,3294.13,2025-04-16 10:20:00,loss,2.0,-199.99999999981813,-0.1999999999998181,0.01,3.6613333333332774,9800.000000000182
1011,2025-04-16 10:50:00,SWEEP_bullish,buy,3297.81,3297.61,3298.21,3297.61,2025-04-16 10:55:00,loss,2.0,-199.99999999981813,-0.1999999999998181,0.01,3.7539999999999663,9800.000000000182
1012,2025-04-16 11:05:00,SWEEP_bullish,buy,3305.35,3305.15,3305.75,3305.15,2025-04-16 11:10:00,loss,2.0,-199.99999999981813,-0.1999999999998181,0.01,4.082666666666652,9800.000000000182
1013,2025-04-16 14:55:00,SWEEP_bullish,buy,3306.76,3306.5600000000004,3307.1600000000003,3306.5600000000004,2025-04-16 15:00:00,loss,2.0,-199.99999999981813,-0.1999999999998181,0.01,4.492666666666659,9800.000000000182
1014,2025-04-16 16:25:00,SWEEP_bearish,sell,3305.12,3305.3199999999997,3304.72,3305.3199999999997,2025-04-16 16:30:00,loss,2.0,-199.99999999981813,-0.1999999999998181,0.01,4.75000000000003,9800.000000000182
1015,2025-04-16 16:40:00,SWEEP_bearish,sell,3298.99,3299.1899999999996,3298.5899999999997,3299.1899999999996,2025-04-16 16:45:00,loss,2.0,-199.99999999981813,-0.1999999999998181,0.01,5.159333333333385,9800.000000000182
1016,2025-04-17 08:50:00,SWEEP_bearish,sell,3332.54,3332.74,3332.14,3332.74,2025-04-17 08:55:00,loss,2.0,-199.99999999981813,-0.1999999999998181,0.01,2.8766666666666425,9800.000000000182
1017,2025-04-17 11:35:00,SWEEP_bearish,sell,3317.6,3317.7999999999997,3317.2,3317.7999999999997,2025-04-17 11:40:00,loss,2.0,-199.99999999981813,-0.1999999999998181,0.01,3.5159999999999854,9800.000000000182
1018,2025-04-17 15:15:00,SWEEP_bullish,buy,3333.7,3333.5,3334.1,3333.5,2025-04-17 15:20:00,loss,2.0,-199.99999999981813,-0.1999999999998181,0.01,4.107333333333312,9800.000000000182
1019,2025-04-17 16:30:00,SWEEP_bearish,sell,3323.51,3323.71,3323.11,3323.71,2025-04-17 16:35:00,loss,2.0,-199.99999999981813,-0.1999999999998181,0.01,4.804666666666708,9800.000000000182
1020,2025-04-21 08:05:00,SWEEP_bullish,buy,3381.64,3381.44,3382.04,3381.44,2025-04-21 08:10:00,loss,2.0,-199.99999999981813,-0.1999999999998181,0.01,3.255333333333298,9800.000000000182
1021,2025-04-21 09:25:00,SWEEP_bullish,buy,3389.46,3389.26,3389.86,3389.26,2025-04-21 09:30:00,loss,2.0,-199.99999999981813,-0.1999999999998181,0.01,3.0066666666667214,9800.000000000182
1022,2025-04-21 10:10:00,SWEEP_bullish,buy,3393.44,3393.2400000000002,3393.84,3393.2400000000002,2025-04-21 10:15:00,loss,2.0,-199.99999999981813,-0.1999999999998181,0.01,2.877333333333415,9800.000000000182
1023,2025-04-21 14:55:00,SWEEP_bullish,buy,3404.07,3403.8700000000003,3404.4700000000003,3404.4700000000003,2025-04-21 15:00:00,win,2.0,400.000000000091,0.40000000000009095,0.01,3.441333333333387,10400.000000000091
1024,2025-04-21 15:20:00,SWEEP_bullish,buy,3400.22,3400.02,3400.62,3400.02,2025-04-21 15:25:00,loss,2.0,-199.99999999981813,-0.1999999999998181,0.01,4.234666666666696,9800.000000000182
1025,2025-04-22 09:15:00,SWEEP_bullish,buy,3495.8,3495.6000000000004,3496.2000000000003,3495.6000000000004,2025-04-22 09:20:00,loss,2.0,-199.99999999981813,-0.1999999999998181,0.01,4.973999999999978,9800.000000000182
1026,2025-04-22 11:45:00,SWEEP_bearish,sell,3452.32,3452.52,3451.92,3452.52,2025-04-22 11:50:00,loss,2.0,-199.99999999981813,-0.1999999999998181,0.01,4.983333333333303,9800.000000000182
1027,2025-04-22 14:35:00,SWEEP_bearish,sell,3452.66,3452.8599999999997,3452.2599999999998,3452.8599999999997,2025-04-22 14:40:00,loss,2.0,-199.99999999981813,-0.1999999999998181,0.01,4.8306666666666995,9800.000000000182
1028,2025-04-22 15:20:00,SWEEP_bullish,buy,3453.13,3452.9300000000003,3453.53,3452.9300000000003,2025-04-22 15:25:00,loss,2.0,-199.99999999981813,-0.1999999999998181,0.01,5.111333333333308,9800.000000000182
1029,2025-04-22 15:55:00,SWEEP_bearish,sell,3431.84,3432.04,3431.44,3432.04,2025-04-22 16:00:00,loss,2.0,-199.99999999981813,-0.1999999999998181,0.01,6.819333333333331,9800.000000000182
1030,2025-04-22 16:05:00,SWEEP_bearish,sell,3437.17,3437.37,3436.77,3437.37,2025-04-22 16:10:00,loss,2.0,-199.99999999981813,-0.1999999999998181,0.01,8.170666666666664,9800.000000000182
1031,2025-04-22 16:45:00,SWEEP_bearish,sell,3421.85,3422.0499999999997,3421.45,3422.0499999999997,2025-04-22 16:50:00,loss,2.0,-199.99999999981813,-0.1999999999998181,0.01,11.056666666666661,9800.000000000182
1032,2025-04-23 08:00:00,SWEEP_bullish,buy,3343.79,3343.59,3344.19,3343.59,2025-04-23 08:05:00,loss,2.0,-199.99999999981813,-0.1999999999998181,0.01,3.7486666666666375,9800.000000000182
1033,2025-04-23 09:55:00,SWEEP_bearish,sell,3300.63,3300.83,3300.23,3300.83,2025-04-23 10:00:00,loss,2.0,-199.99999999981813,-0.1999999999998181,0.01,8.276666666666703,9800.000000000182
1034,2025-04-23 14:25:00,SWEEP_bullish,buy,3336.2,3336.0,3336.6,3336.0,2025-04-23 14:30:00,loss,2.0,-199.99999999981813,-0.1999999999998181,0.01,5.372000000000026,9800.000000000182
1035,2025-04-23 16:30:00,SWEEP_bearish,sell,3301.5,3301.7,3301.1,3301.7,2025-04-23 16:35:00,loss,2.0,-199.99999999981813,-0.1999999999998181,0.01,6.95,9800.000000000182
1036,2025-04-23 16:40:00,SWEEP_bearish,sell,3292.16,3292.3599999999997,3291.7599999999998,3292.3599999999997,2025-04-23 16:45:00,loss,2.0,-199.99999999981813,-0.1999999999998181,0.01,8.23733333333339,9800.000000000182
1037,2025-04-23 16:55:00,SWEEP_bearish,sell,3277.67,3277.87,3277.27,3277.87,2025-04-23 17:00:00,loss,2.0,-199.99999999981813,-0.1999999999998181,0.01,9.032000000000062,9800.000000000182
1038,2025-04-24 08:40:00,SWEEP_bullish,buy,3331.03,3330.8300000000004,3331.4300000000003,3331.4300000000003,2025-04-24 08:45:00,win,2.0,400.000000000091,0.40000000000009095,0.01,4.002000000000013,10400.000000000091
1039,2025-04-24 09:00:00,SWEEP_bearish,sell,3325.7,3325.8999999999996,3325.2999999999997,3325.8999999999996,2025-04-24 09:05:00,loss,2.0,-199.99999999981813,-0.1999999999998181,0.01,4.635333333333347,9800.000000000182
1040,2025-04-24 10:10:00,SWEEP_bullish,buy,3337.37,3337.17,3337.77,3337.17,2025-04-24 10:15:00,loss,2.0,-199.99999999981813,-0.1999999999998181,0.01,5.517999999999999,9800.000000000182
1041,2025-04-24 11:50:00,SWEEP_bullish,buy,3337.94,3337.7400000000002,3338.34,3337.7400000000002,2025-04-24 11:55:00,loss,2.0,-199.99999999981813,-0.1999999999998181,0.01,4.304000000000027,9800.000000000182
1042,2025-04-24 15:40:00,SWEEP_bullish,buy,3338.31,3338.11,3338.71,3338.11,2025-04-24 15:45:00,loss,2.0,-199.99999999981813,-0.1999999999998181,0.01,3.9099999999999757,9800.000000000182
1043,2025-04-24 16:20:00,SWEEP_bearish,sell,3330.65,3330.85,3330.25,3330.85,2025-04-24 16:25:00,loss,2.0,-199.99999999981813,-0.1999999999998181,0.01,4.610000000000037,9800.000000000182
1044,2025-04-25 08:20:00,SWEEP_bearish,sell,3320.24,3320.4399999999996,3319.8399999999997,3319.8399999999997,2025-04-25 08:25:00,win,2.0,400.000000000091,0.40000000000009095,0.01,3.9733333333333274,10400.000000000091
1045,2025-04-25 11:20:00,SWEEP_bearish,sell,3297.48,3297.68,3297.08,3297.68,2025-04-25 11:25:00,loss,2.0,-199.99999999981813,-0.1999999999998181,0.01,4.706000000000009,9800.000000000182
1046,2025-04-25 13:00:00,SWEEP_bearish,sell,3295.62,3295.8199999999997,3295.22,3295.8199999999997,2025-04-25 13:05:00,loss,2.0,-199.99999999981813,-0.1999999999998181,0.01,3.6700000000000426,9800.000000000182
1047,2025-04-25 14:45:00,SWEEP_bearish,sell,3293.28,3293.48,3292.88,3293.48,2025-04-25 14:50:00,loss,2.0,-199.99999999981813,-0.1999999999998181,0.01,3.788666666666601,9800.000000000182
1048,2025-04-25 16:25:00,SWEEP_bearish,sell,3273.22,3273.4199999999996,3272.8199999999997,3273.4199999999996,2025-04-25 16:30:00,loss,2.0,-199.99999999981813,-0.1999999999998181,0.01,6.829333333333307,9800.000000000182
1049,2025-04-28 08:00:00,SWEEP_bullish,buy,3298.32,3298.1200000000003,3298.7200000000003,3298.1200000000003,2025-04-28 08:05:00,loss,2.0,-199.99999999981813,-0.1999999999998181,0.01,3.12466666666672,9800.000000000182
1050,2025-04-28 08:05:00,SWEEP_bullish,buy,3297.37,3297.17,3297.77,3297.17,2025-04-28 08:10:00,loss,2.0,-199.99999999981813,-0.1999999999998181,0.01,3.188000000000041,9800.000000000182
1051,2025-04-28 08:45:00,SWEEP_bearish,sell,3293.01,3293.21,3292.61,3293.21,2025-04-28 08:50:00,loss,2.0,-199.99999999981813,-0.1999999999998181,0.01,3.9480000000000475,9800.000000000182
1052,2025-04-28 09:40:00,SWEEP_bearish,sell,3287.38,3287.58,3286.98,3287.58,2025-04-28 09:45:00,loss,2.0,-199.99999999981813,-0.1999999999998181,0.01,4.548666666666699,9800.000000000182
1053,2025-04-28 09:55:00,SWEEP_bearish,sell,3283.16,3283.3599999999997,3282.7599999999998,3283.3599999999997,2025-04-28 10:00:00,loss,2.0,-199.99999999981813,-0.1999999999998181,0.01,3.890666666666675,9800.000000000182
1054,2025-04-28 10:05:00,SWEEP_bearish,sell,3285.74,3285.9399999999996,3285.3399999999997,3285.9399999999996,2025-04-28 10:10:00,loss,2.0,-199.99999999981813,-0.1999999999998181,0.01,4.467333333333317,9800.000000000182
1055,2025-04-28 13:00:00,SWEEP_bearish,sell,3276.68,3276.8799999999997,3276.2799999999997,3276.8799999999997,2025-04-28 13:05:00,loss,2.0,-199.99999999981813,-0.1999999999998181,0.01,3.1919999999999464,9800.000000000182
1056,2025-04-28 13:45:00,SWEEP_bullish,buy,3288.58,3288.38,3288.98,3288.98,2025-04-28 13:50:00,win,2.0,400.000000000091,0.40000000000009095,0.01,2.7993333333333794,10400.000000000091
1057,2025-04-28 14:05:00,SWEEP_bullish,buy,3289.24,3289.04,3289.64,3289.04,2025-04-28 14:10:00,loss,2.0,-199.99999999981813,-0.1999999999998181,0.01,3.3073333333334025,9800.000000000182
1058,2025-04-28 14:45:00,SWEEP_bullish,buy,3292.27,3292.07,3292.67,3292.07,2025-04-28 14:50:00,loss,2.0,-199.99999999981813,-0.1999999999998181,0.01,3.3973333333333358,9800.000000000182
1059,2025-04-28 15:10:00,SWEEP_bullish,buy,3295.49,3295.29,3295.89,3295.29,2025-04-28 15:15:00,loss,2.0,-199.99999999981813,-0.1999999999998181,0.01,3.2559999999999794,9800.000000000182
1060,2025-04-28 15:30:00,SWEEP_bullish,buy,3298.71,3298.51,3299.11,3298.51,2025-04-28 15:35:00,loss,2.0,-199.99999999981813,-0.1999999999998181,0.01,3.4606666666666266,9800.000000000182
1061,2025-04-29 09:35:00,SWEEP_bullish,buy,3319.01,3318.8100000000004,3319.4100000000003,3318.8100000000004,2025-04-29 09:40:00,loss,2.0,-199.99999999981813,-0.1999999999998181,0.01,3.6759999999999917,9800.000000000182
1062,2025-04-29 11:00:00,SWEEP_bullish,buy,3320.8,3320.6000000000004,3321.2000000000003,3320.6000000000004,2025-04-29 11:05:00,loss,2.0,-199.99999999981813,-0.1999999999998181,0.01,3.216666666666667,9800.000000000182
1063,2025-04-29 15:05:00,SWEEP_bearish,sell,3308.8,3309.0,3308.4,3309.0,2025-04-29 15:10:00,loss,2.0,-199.99999999981813,-0.1999999999998181,0.01,2.9620000000000193,9800.000000000182
1064,2025-04-29 15:10:00,SWEEP_bearish,sell,3310.03,3310.23,3309.63,3309.63,2025-04-29 15:15:00,win,2.0,400.000000000091,0.40000000000009095,0.01,3.085333333333377,10400.000000000091
1065,2025-04-29 15:20:00,SWEEP_bearish,sell,3308.33,3308.5299999999997,3307.93,3308.5299999999997,2025-04-29 15:25:00,loss,2.0,-199.99999999981813,-0.1999999999998181,0.01,3.4346666666666956,9800.000000000182
1066,2025-04-29 16:50:00,SWEEP_bearish,sell,3305.85,3306.0499999999997,3305.45,3306.0499999999997,2025-04-29 16:55:00,loss,2.0,-199.99999999981813,-0.1999999999998181,0.01,5.385999999999967,9800.000000000182
1067,2025-04-30 08:15:00,SWEEP_bullish,buy,3311.76,3311.5600000000004,3312.1600000000003,3311.5600000000004,2025-04-30 08:20:00,loss,2.0,-199.99999999981813,-0.1999999999998181,0.01,2.3566666666666305,9800.000000000182
1068,2025-04-30 08:30:00,SWEEP_bullish,buy,3311.12,3310.92,3311.52,3310.92,2025-04-30 08:35:00,loss,2.0,-199.99999999981813,-0.1999999999998181,0.01,2.478666666666686,9800.000000000182
1069,2025-04-30 09:30:00,SWEEP_bearish,sell,3307.49,3307.6899999999996,3307.0899999999997,3307.6899999999996,2025-04-30 09:35:00,loss,2.0,-199.99999999981813,-0.1999999999998181,0.01,2.5013333333333323,9800.000000000182
1070,2025-04-30 10:05:00,SWEEP_bearish,sell,3306.35,3306.5499999999997,3305.95,3306.5499999999997,2025-04-30 10:10:00,loss,2.0,-199.99999999981813,-0.1999999999998181,0.01,2.509999999999915,9800.000000000182
1071,2025-04-30 10:25:00,SWEEP_bullish,buy,3311.07,3310.8700000000003,3311.4700000000003,3310.8700000000003,2025-04-30 10:30:00,loss,2.0,-199.99999999981813,-0.1999999999998181,0.01,2.5319999999999405,9800.000000000182
1072,2025-04-30 11:15:00,SWEEP_bearish,sell,3288.69,3288.89,3288.29,3288.29,2025-04-30 11:20:00,win,2.0,400.000000000091,0.40000000000009095,0.01,4.247999999999987,10400.000000000091
1073,2025-04-30 11:25:00,SWEEP_bearish,sell,3285.75,3285.95,3285.35,3285.95,2025-04-30 11:30:00,loss,2.0,-199.99999999981813,-0.1999999999998181,0.01,4.6140000000000025,9800.000000000182
1074,2025-04-30 13:20:00,SWEEP_bearish,sell,3275.89,3276.0899999999997,3275.49,3276.0899999999997,2025-04-30 13:25:00,loss,2.0,-199.99999999981813,-0.1999999999998181,0.01,3.856666666666691,9800.000000000182
1075,2025-04-30 15:05:00,SWEEP_bearish,sell,3274.28,3274.48,3273.88,3274.48,2025-04-30 15:10:00,loss,2.0,-199.99999999981813,-0.1999999999998181,0.01,4.268666666666619,9800.000000000182
1076,2025-04-30 15:30:00,SWEEP_bullish,buy,3287.13,3286.9300000000003,3287.53,3286.9300000000003,2025-04-30 15:35:00,loss,2.0,-199.99999999981813,-0.1999999999998181,0.01,5.203999999999906,9800.000000000182
1077,2025-04-30 15:50:00,SWEEP_bullish,buy,3299.15,3298.9500000000003,3299.55,3298.9500000000003,2025-04-30 15:55:00,loss,2.0,-199.99999999981813,-0.1999999999998181,0.01,6.56333333333317,9800.000000000182
1078,2025-04-30 16:15:00,SWEEP_bullish,buy,3305.39,3305.19,3305.79,3305.19,2025-04-30 16:20:00,loss,2.0,-199.99999999981813,-0.1999999999998181,0.01,7.197999999999956,9800.000000000182
1079,2025-05-01 08:55:00,SWEEP_bullish,buy,3236.81,3236.61,3237.21,3236.61,2025-05-01 09:00:00,loss,2.0,-199.99999999981813,-0.1999999999998181,0.01,3.8913333333332956,9800.000000000182
1080,2025-05-01 09:05:00,SWEEP_bullish,buy,3240.64,3240.44,3241.04,3240.44,2025-05-01 09:10:00,loss,2.0,-199.99999999981813,-0.1999999999998181,0.01,3.9093333333333247,9800.000000000182
1081,2025-05-01 10:10:00,SWEEP_bearish,sell,3231.22,3231.4199999999996,3230.8199999999997,3231.4199999999996,2025-05-01 10:15:00,loss,2.0,-199.99999999981813,-0.1999999999998181,0.01,3.9766666666665818,9800.000000000182
1082,2025-05-01 10:20:00,SWEEP_bearish,sell,3231.57,3231.77,3231.17,3231.77,2025-05-01 10:25:00,loss,2.0,-199.99999999981813,-0.1999999999998181,0.01,4.1366666666665575,9800.000000000182
1083,2025-05-01 13:20:00,SWEEP_bearish,sell,3214.82,3215.02,3214.42,3215.02,2025-05-01 13:25:00,loss,2.0,-199.99999999981813,-0.1999999999998181,0.01,3.148000000000017,9800.000000000182
1084,2025-05-01 14:55:00,SWEEP_bearish,sell,3205.63,3205.83,3205.23,3205.83,2025-05-01 15:00:00,loss,2.0,-199.99999999981813,-0.1999999999998181,0.01,3.6820000000000013,9800.000000000182
1085,2025-05-01 15:00:00,SWEEP_bearish,sell,3208.24,3208.4399999999996,3207.8399999999997,3208.4399999999996,2025-05-01 15:05:00,loss,2.0,-199.99999999981813,-0.1999999999998181,0.01,3.991333333333326,9800.000000000182
1086,2025-05-01 15:45:00,SWEEP_bullish,buy,3226.06,3225.86,3226.46,3225.86,2025-05-01 15:50:00,loss,2.0,-199.99999999981813,-0.1999999999998181,0.01,5.81266666666664,9800.000000000182
1087,2025-05-01 15:55:00,SWEEP_bullish,buy,3227.04,3226.84,3227.44,3226.84,2025-05-01 16:00:00,loss,2.0,-199.99999999981813,-0.1999999999998181,0.01,5.985333333333316,9800.000000000182
1088,2025-05-01 16:40:00,SWEEP_bullish,buy,3227.86,3227.6600000000003,3228.26,3227.6600000000003,2025-05-01 16:45:00,loss,2.0,-199.99999999981813,-0.1999999999998181,0.01,6.384666666666695,9800.000000000182
1089,2025-05-02 09:50:00,SWEEP_bearish,sell,3250.09,3250.29,3249.69,3250.29,2025-05-02 09:55:00,loss,2.0,-199.99999999981813,-0.1999999999998181,0.01,3.41266666666664,9800.000000000182
1090,2025-05-02 10:35:00,SWEEP_bullish,buy,3260.59,3260.3900000000003,3260.9900000000002,3260.3900000000003,2025-05-02 10:40:00,loss,2.0,-199.99999999981813,-0.1999999999998181,0.01,3.6753333333333105,9800.000000000182
1091,2025-05-02 15:35:00,SWEEP_bearish,sell,3259.53,3259.73,3259.13,3259.73,2025-05-02 15:40:00,loss,2.0,-199.99999999981813,-0.1999999999998181,0.01,3.9833333333333636,9800.000000000182
1092,2025-05-05 08:10:00,SWEEP_bullish,buy,3258.81,3258.61,3259.21,3258.61,2025-05-05 08:15:00,loss,2.0,-199.99999999981813,-0.1999999999998181,0.01,2.699333333333258,9800.000000000182
1093,2025-05-05 08:40:00,SWEEP_bullish,buy,3258.16,3257.96,3258.56,3257.96,2025-05-05 08:45:00,loss,2.0,-199.99999999981813,-0.1999999999998181,0.01,2.4893333333332217,9800.000000000182
1094,2025-05-05 09:55:00,SWEEP_bullish,buy,3261.76,3261.5600000000004,3262.1600000000003,3261.5600000000004,2025-05-05 10:00:00,loss,2.0,-199.99999999981813,-0.1999999999998181,0.01,3.1166666666665757,9800.000000000182
1095,2025-05-05 10:50:00,SWEEP_bullish,buy,3265.73,3265.53,3266.13,3265.53,2025-05-05 10:55:00,loss,2.0,-199.99999999981813,-0.1999999999998181,0.01,2.829999999999988,9800.000000000182
1096,2025-05-05 13:05:00,SWEEP_bullish,buy,3309.73,3309.53,3310.13,3309.53,2025-05-05 13:10:00,loss,2.0,-199.99999999981813,-0.1999999999998181,0.01,4.941333333333357,9800.000000000182
1097,2025-05-06 08:45:00,SWEEP_bearish,sell,3357.4,3357.6,3357.0,3357.6,2025-05-06 08:50:00,loss,2.0,-199.99999999981813,-0.1999999999998181,0.01,4.186666666666619,9800.000000000182
1098,2025-05-06 10:10:00,SWEEP_bullish,buy,3367.85,3367.65,3368.25,3367.65,2025-05-06 10:15:00,loss,2.0,-199.99999999981813,-0.1999999999998181,0.01,3.5573333333332813,9800.000000000182
1099,2025-05-06 10:40:00,SWEEP_bullish,buy,3373.35,3373.15,3373.75,3373.15,2025-05-06 10:45:00,loss,2.0,-199.99999999981813,-0.1999999999998181,0.01,3.686666666666679,9800.000000000182
1100,2025-05-06 15:05:00,SWEEP_bearish,sell,3376.87,3377.0699999999997,3376.47,3377.0699999999997,2025-05-06 15:10:00,loss,2.0,-199.99999999981813,-0.1999999999998181,0.01,3.245999999999943,9800.000000000182
1101,2025-05-06 16:35:00,SWEEP_bullish,buy,3388.34,3388.1400000000003,3388.7400000000002,3388.1400000000003,2025-05-06 16:40:00,loss,2.0,-199.99999999981813,-0.1999999999998181,0.01,4.6199999999999815,9800.000000000182
1102,2025-05-07 08:30:00,SWEEP_bullish,buy,3382.0,3381.8,3382.4,3381.8,2025-05-07 08:35:00,loss,2.0,-199.99999999981813,-0.1999999999998181,0.01,3.5446666666667324,9800.000000000182
1103,2025-05-07 08:45:00,SWEEP_bullish,buy,3385.9,3385.7000000000003,3386.3,3385.7000000000003,2025-05-07 08:50:00,loss,2.0,-199.99999999981813,-0.1999999999998181,0.01,3.7366666666667396,9800.000000000182
1104,2025-05-07 09:10:00,SWEEP_bullish,buy,3392.92,3392.7200000000003,3393.32,3392.7200000000003,2025-05-07 09:15:00,loss,2.0,-199.99999999981813,-0.1999999999998181,0.01,3.808000000000023,9800.000000000182
1105,2025-05-07 10:15:00,SWEEP_bullish,buy,3393.24,3393.04,3393.64,3393.04,2025-05-07 10:20:00,loss,2.0,-199.99999999981813,-0.1999999999998181,0.01,3.635333333333377,9800.000000000182
1106,2025-05-07 10:50:00,SWEEP_bearish,sell,3385.28,3385.48,3384.88,3385.48,2025-05-07 10:55:00,loss,2.0,-199.99999999981813,-0.1999999999998181,0.01,3.9620000000000193,9800.000000000182
1107,2025-05-07 11:35:00,SWEEP_bearish,sell,3383.82,3384.02,3383.42,3384.02,2025-05-07 11:40:00,loss,2.0,-199.99999999981813,-0.1999999999998181,0.01,3.6759999999999917,9800.000000000182
1108,2025-05-07 13:00:00,SWEEP_bearish,sell,3374.11,3374.31,3373.71,3374.31,2025-05-07 13:05:00,loss,2.0,-199.99999999981813,-0.1999999999998181,0.01,4.24933333333344,9800.000000000182
1109,2025-05-07 13:30:00,SWEEP_bullish,buy,3390.05,3389.8500000000004,3390.4500000000003,3389.8500000000004,2025-05-07 13:35:00,loss,2.0,-199.99999999981813,-0.1999999999998181,0.01,4.440666666666705,9800.000000000182
1110,2025-05-08 08:15:00,SWEEP_bearish,sell,3376.21,3376.41,3375.81,3376.41,2025-05-08 08:20:00,loss,2.0,-199.99999999981813,-0.1999999999998181,0.01,3.767333333333348,9800.000000000182
1111,2025-05-08 09:00:00,SWEEP_bearish,sell,3358.55,3358.75,3358.15,3358.75,2025-05-08 09:05:00,loss,2.0,-199.99999999981813,-0.1999999999998181,0.01,6.102666666666694,9800.000000000182
1112,2025-05-08 09:25:00,SWEEP_bearish,sell,3339.72,3339.9199999999996,3339.3199999999997,3339.9199999999996,2025-05-08 09:30:00,loss,2.0,-199.99999999981813,-0.1999999999998181,0.01,8.113333333333351,9800.000000000182
1113,2025-05-08 13:00:00,SWEEP_bearish,sell,3333.32,3333.52,3332.92,3333.52,2025-05-08 13:05:00,loss,2.0,-199.99999999981813,-0.1999999999998181,0.01,3.4726666666667065,9800.000000000182
1114,2025-05-08 15:25:00,SWEEP_bullish,buy,3353.62,3353.42,3354.02,3353.42,2025-05-08 15:30:00,loss,2.0,-199.99999999981813,-0.1999999999998181,0.01,2.7433333333332786,9800.000000000182
1115,2025-05-08 15:30:00,SWEEP_bullish,buy,3351.18,3350.98,3351.58,3350.98,2025-05-08 15:35:00,loss,2.0,-199.99999999981813,-0.1999999999998181,0.01,2.8633333333333213,9800.000000000182
1116,2025-05-08 15:40:00,SWEEP_bullish,buy,3352.58,3352.38,3352.98,3352.38,2025-05-08 15:45:00,loss,2.0,-199.99999999981813,-0.1999999999998181,0.01,3.5013333333333625,9800.000000000182
1117,2025-05-08 16:15:00,SWEEP_bullish,buy,3362.37,3362.17,3362.77,3362.17,2025-05-08 16:20:00,loss,2.0,-199.99999999981813,-0.1999999999998181,0.01,4.557333333333433,9800.000000000182
1118,2025-05-08 16:35:00,SWEEP_bullish,buy,3364.63,3364.4300000000003,3365.03,3364.4300000000003,2025-05-08 16:40:00,loss,2.0,-199.99999999981813,-0.1999999999998181,0.01,5.116000000000107,9800.000000000182
1119,2025-05-09 10:10:00,SWEEP_bullish,buy,3326.99,3326.79,3327.39,3326.79,2025-05-09 10:15:00,loss,2.0,-199.99999999981813,-0.1999999999998181,0.01,3.9520000000000133,9800.000000000182
1120,2025-05-09 13:20:00,SWEEP_bullish,buy,3325.28,3325.0800000000004,3325.6800000000003,3325.0800000000004,2025-05-09 13:25:00,loss,2.0,-199.99999999981813,-0.1999999999998181,0.01,2.4326666666667127,9800.000000000182
1121,2025-05-09 14:05:00,SWEEP_bullish,buy,3328.45,3328.25,3328.85,3328.25,2025-05-09 14:10:00,loss,2.0,-199.99999999981813,-0.1999999999998181,0.01,2.5959999999999734,9800.000000000182
1122,2025-05-09 14:20:00,SWEEP_bullish,buy,3329.04,3328.84,3329.44,3328.84,2025-05-09 14:25:00,loss,2.0,-199.99999999981813,-0.1999999999998181,0.01,2.5846666666665743,9800.000000000182
1123,2025-05-12 10:15:00,SWEEP_bearish,sell,3250.1,3250.2999999999997,3249.7,3249.7,2025-05-12 10:20:00,win,2.0,400.000000000091,0.40000000000009095,0.01,5.920666666666633,10400.000000000091
1124,2025-05-12 13:15:00,SWEEP_bearish,sell,3215.81,3216.0099999999998,3215.41,3216.0099999999998,2025-05-12 13:20:00,loss,2.0,-199.99999999981813,-0.1999999999998181,0.01,4.450666666666651,9800.000000000182
1125,2025-05-12 14:00:00,SWEEP_bearish,sell,3218.65,3218.85,3218.25,3218.85,2025-05-12 14:05:00,loss,2.0,-199.99999999981813,-0.1999999999998181,0.01,5.028000000000035,9800.000000000182
1126,2025-05-12 14:55:00,SWEEP_bullish,buy,3224.91,3224.71,3225.31,3224.71,2025-05-12 15:00:00,loss,2.0,-199.99999999981813,-0.1999999999998181,0.01,4.985333333333286,9800.000000000182
1127,2025-05-12 16:50:00,SWEEP_bullish,buy,3239.74,3239.54,3240.14,3239.54,2025-05-12 16:55:00,loss,2.0,-199.99999999981813,-0.1999999999998181,0.01,6.13199999999994,9800.000000000182
1128,2025-05-13 09:50:00,SWEEP_bullish,buy,3262.47,3262.27,3262.87,3262.27,2025-05-13 09:55:00,loss,2.0,-199.99999999981813,-0.1999999999998181,0.01,4.293333333333279,9800.000000000182
1129,2025-05-13 11:55:00,SWEEP_bearish,sell,3255.53,3255.73,3255.13,3255.73,2025-05-13 12:00:00,loss,2.0,-199.99999999981813,-0.1999999999998181,0.01,2.6620000000001105,9800.000000000182
1130,2025-05-13 14:15:00,SWEEP_bearish,sell,3254.37,3254.5699999999997,3253.97,3254.5699999999997,2025-05-13 14:20:00,loss,2.0,-199.99999999981813,-0.1999999999998181,0.01,2.120000000000073,9800.000000000182
1131,2025-05-13 15:05:00,SWEEP_bearish,sell,3244.12,3244.3199999999997,3243.72,3244.3199999999997,2025-05-13 15:10:00,loss,2.0,-199.99999999981813,-0.1999999999998181,0.01,3.390666666666766,9800.000000000182
1132,2025-05-13 15:25:00,SWEEP_bearish,sell,3240.41,3240.6099999999997,3240.0099999999998,3240.6099999999997,2025-05-13 15:30:00,loss,2.0,-199.99999999981813,-0.1999999999998181,0.01,3.9013333333333926,9800.000000000182
1133,2025-05-13 16:40:00,SWEEP_bearish,sell,3238.36,3238.56,3237.96,3238.56,2025-05-13 16:45:00,loss,2.0,-199.99999999981813,-0.1999999999998181,0.01,5.2313333333333505,9800.000000000182
1134,2025-05-14 09:00:00,SWEEP_bullish,buy,3233.3,3233.1000000000004,3233.7000000000003,3233.7000000000003,2025-05-14 09:05:00,win,2.0,400.000000000091,0.40000000000009095,0.01,3.148666666666668,10400.000000000091
1135,2025-05-14 10:40:00,SWEEP_bullish,buy,3235.58,3235.38,3235.98,3235.38,2025-05-14 10:45:00,loss,2.0,-199.99999999981813,-0.1999999999998181,0.01,3.620000000000073,9800.000000000182
1136,2025-05-14 14:00:00,SWEEP_bullish,buy,3235.22,3235.02,3235.62,3235.02,2025-05-14 14:05:00,loss,2.0,-199.99999999981813,-0.1999999999998181,0.01,2.6759999999999917,9800.000000000182
1137,2025-05-14 14:15:00,SWEEP_bullish,buy,3236.66,3236.46,3237.06,3236.46,2025-05-14 14:20:00,loss,2.0,-199.99999999981813,-0.1999999999998181,0.01,2.548666666666668,9800.000000000182
1138,2025-05-14 14:25:00,SWEEP_bullish,buy,3237.05,3236.8500000000004,3237.4500000000003,3236.8500000000004,2025-05-14 14:30:00,loss,2.0,-199.99999999981813,-0.1999999999998181,0.01,2.5540000000000265,9800.000000000182
1139,2025-05-14 15:00:00,SWEEP_bearish,sell,3220.69,3220.89,3220.29,3220.89,2025-05-14 15:05:00,loss,2.0,-199.99999999981813,-0.1999999999998181,0.01,3.1946666666666412,9800.000000000182
1140,2025-05-14 15:15:00,SWEEP_bearish,sell,3214.81,3215.0099999999998,3214.41,3215.0099999999998,2025-05-14 15:20:00,loss,2.0,-199.99999999981813,-0.1999999999998181,0.01,3.9466666666666543,9800.000000000182
1141,2025-05-14 16:15:00,SWEEP_bearish,sell,3185.19,3185.39,3184.79,3185.39,2025-05-14 16:20:00,loss,2.0,-199.99999999981813,-0.1999999999998181,0.01,7.952666666666664,9800.000000000182
1142,2025-05-15 08:45:00,SWEEP_bearish,sell,3133.76,3133.96,3133.36,3133.96,2025-05-15 08:50:00,loss,2.0,-199.99999999981813,-0.1999999999998181,0.01,3.811333333333399,9800.000000000182
1143,2025-05-15 09:40:00,SWEEP_bullish,buy,3148.05,3147.8500000000004,3148.4500000000003,3147.8500000000004,2025-05-15 09:45:00,loss,2.0,-199.99999999981813,-0.1999999999998181,0.01,6.316666666666576,9800.000000000182
1144,2025-05-15 13:20:00,SWEEP_bullish,buy,3175.41,3175.21,3175.81,3175.21,2025-05-15 13:25:00,loss,2.0,-199.99999999981813,-0.1999999999998181,0.01,3.9039999999999355,9800.000000000182
1145,2025-05-15 13:50:00,SWEEP_bullish,buy,3177.41,3177.21,3177.81,3177.21,2025-05-15 13:55:00,loss,2.0,-199.99999999981813,-0.1999999999998181,0.01,3.31866666666665,9800.000000000182
1146,2025-05-15 15:35:00,SWEEP_bullish,buy,3182.6,3182.4,3183.0,3182.4,2025-05-15 15:40:00,loss,2.0,-199.99999999981813,-0.1999999999998181,0.01,3.724666666666629,9800.000000000182
1147,2025-05-15 16:15:00,SWEEP_bullish,buy,3194.99,3194.79,3195.39,3194.79,2025-05-15 16:20:00,loss,2.0,-199.99999999981813,-0.1999999999998181,0.01,5.045999999999882,9800.000000000182
1148,2025-05-16 10:05:00,SWEEP_bearish,sell,3216.59,3216.79,3216.19,3216.79,2025-05-16 10:10:00,loss,2.0,-199.99999999981813,-0.1999999999998181,0.01,4.372666666666616,9800.000000000182
1149,2025-05-16 10:20:00,SWEEP_bearish,sell,3208.38,3208.58,3207.98,3208.58,2025-05-16 10:25:00,loss,2.0,-199.99999999981813,-0.1999999999998181,0.01,4.535999999999968,9800.000000000182
1150,2025-05-16 11:15:00,SWEEP_bearish,sell,3199.78,3199.98,3199.38,3199.98,2025-05-16 11:20:00,loss,2.0,-199.99999999981813,-0.1999999999998181,0.01,4.364666666666653,9800.000000000182
1151,2025-05-16 14:55:00,SWEEP_bearish,sell,3163.14,3163.3399999999997,3162.74,3163.3399999999997,2025-05-16 15:00:00,loss,2.0,-199.99999999981813,-0.1999999999998181,0.01,7.723999999999918,9800.000000000182
1152,2025-05-16 16:05:00,SWEEP_bullish,buy,3181.28,3181.0800000000004,3181.6800000000003,3181.0800000000004,2025-05-16 16:10:00,loss,2.0,-199.99999999981813,-0.1999999999998181,0.01,6.316666666666697,9800.000000000182
1153,2025-05-16 16:35:00,SWEEP_bullish,buy,3181.45,3181.25,3181.85,3181.25,2025-05-16 16:40:00,loss,2.0,-199.99999999981813,-0.1999999999998181,0.01,5.875333333333371,9800.000000000182
1154,2025-05-19 09:20:00,SWEEP_bullish,buy,3229.9,3229.7000000000003,3230.3,3229.7000000000003,2025-05-19 09:25:00,loss,2.0,-199.99999999981813,-0.1999999999998181,0.01,3.4399999999999937,9800.000000000182
1155,2025-05-19 13:55:00,SWEEP_bullish,buy,3241.84,3241.6400000000003,3242.2400000000002,3241.6400000000003,2025-05-19 14:00:00,loss,2.0,-199.99999999981813,-0.1999999999998181,0.01,3.0826666666666522,9800.000000000182
1156,2025-05-19 14:45:00,SWEEP_bullish,buy,3243.64,3243.44,3244.04,3243.44,2025-05-19 14:50:00,loss,2.0,-199.99999999981813,-0.1999999999998181,0.01,2.7093333333332947,9800.000000000182
1157,2025-05-19 16:00:00,SWEEP_bearish,sell,3230.4,3230.6,3230.0,3230.6,2025-05-19 16:05:00,loss,2.0,-199.99999999981813,-0.1999999999998181,0.01,3.5746666666666593,9800.000000000182
1158,2025-05-19 16:35:00,SWEEP_bearish,sell,3230.06,3230.2599999999998,3229.66,3230.2599999999998,2025-05-19 16:40:00,loss,2.0,-199.99999999981813,-0.1999999999998181,0.01,4.715333333333304,9800.000000000182
1159,2025-05-20 08:00:00,SWEEP_bullish,buy,3217.03,3216.8300000000004,3217.4300000000003,3217.4300000000003,2025-05-20 08:05:00,win,2.0,400.000000000091,0.40000000000009095,0.01,2.26266666666667,10400.000000000091
1160,2025-05-20 08:40:00,SWEEP_bearish,sell,3211.74,3211.9399999999996,3211.3399999999997,3211.9399999999996,2025-05-20 08:45:00,loss,2.0,-199.99999999981813,-0.1999999999998181,0.01,2.6953333333332616,9800.000000000182
1161,2025-05-20 10:00:00,SWEEP_bearish,sell,3211.34,3211.54,3210.94,3211.54,2025-05-20 10:05:00,loss,2.0,-199.99999999981813,-0.1999999999998181,0.01,3.216666666666667,9800.000000000182
1162,2025-05-20 10:55:00,SWEEP_bullish,buy,3222.64,3222.44,3223.04,3222.44,2025-05-20 11:00:00,loss,2.0,-199.99999999981813,-0.1999999999998181,0.01,3.0373333333334207,9800.000000000182
1163,2025-05-20 15:00:00,SWEEP_bullish,buy,3240.57,3240.3700000000003,3240.9700000000003,3240.3700000000003,2025-05-20 15:05:00,loss,2.0,-199.99999999981813,-0.1999999999998181,0.01,2.34399999999996,9800.000000000182
1164,2025-05-21 09:55:00,SWEEP_bullish,buy,3319.88,3319.6800000000003,3320.28,3319.6800000000003,2025-05-21 10:00:00,loss,2.0,-199.99999999981813,-0.1999999999998181,0.01,3.902666666666634,9800.000000000182
1165,2025-05-21 10:55:00,SWEEP_bearish,sell,3309.93,3310.1299999999997,3309.5299999999997,3310.1299999999997,2025-05-21 11:00:00,loss,2.0,-199.99999999981813,-0.1999999999998181,0.01,3.5346666666666655,9800.000000000182
1166,2025-05-21 13:00:00,SWEEP_bullish,buy,3312.34,3312.1400000000003,3312.7400000000002,3312.1400000000003,2025-05-21 13:05:00,loss,2.0,-199.99999999981813,-0.1999999999998181,0.01,2.3686666666667104,9800.000000000182
1167,2025-05-21 13:25:00,SWEEP_bullish,buy,3316.18,3315.98,3316.58,3315.98,2025-05-21 13:30:00,loss,2.0,-199.99999999981813,-0.1999999999998181,0.01,2.366666666666697,9800.000000000182
1168,2025-05-21 14:45:00,SWEEP_bearish,sell,3308.79,3308.99,3308.39,3308.99,2025-05-21 14:50:00,loss,2.0,-199.99999999981813,-0.1999999999998181,0.01,2.91266666666664,9800.000000000182
1169,2025-05-22 08:30:00,SWEEP_bullish,buy,3337.31,3337.11,3337.71,3337.11,2025-05-22 08:35:00,loss,2.0,-199.99999999981813,-0.1999999999998181,0.01,1.8813333333333504,9800.000000000182
1170,2025-05-22 09:55:00,SWEEP_bearish,sell,3326.53,3326.73,3326.13,3326.73,2025-05-22 10:00:00,loss,2.0,-199.99999999981813,-0.1999999999998181,0.01,3.5219999999999954,9800.000000000182
1171,2025-05-22 10:05:00,SWEEP_bearish,sell,3326.39,3326.5899999999997,3325.99,3326.5899999999997,2025-05-22 10:10:00,loss,2.0,-199.99999999981813,-0.1999999999998181,0.01,3.098666666666698,9800.000000000182
1172,2025-05-22 10:15:00,SWEEP_bearish,sell,3325.81,3326.0099999999998,3325.41,3326.0099999999998,2025-05-22 10:20:00,loss,2.0,-199.99999999981813,-0.1999999999998181,0.01,2.9753333333333405,9800.000000000182
1173,2025-05-22 11:35:00,SWEEP_bearish,sell,3315.39,3315.5899999999997,3314.99,3315.5899999999997,2025-05-22 11:40:00,loss,2.0,-199.99999999981813,-0.1999999999998181,0.01,3.542666666666719,9800.000000000182
1174,2025-05-22 16:15:00,SWEEP_bullish,buy,3314.06,3313.86,3314.46,3313.86,2025-05-22 16:20:00,loss,2.0,-199.99999999981813,-0.1999999999998181,0.01,4.542666666666689,9800.000000000182
1175,2025-05-23 08:25:00,SWEEP_bullish,buy,3320.01,3319.8100000000004,3320.4100000000003,3319.8100000000004,2025-05-23 08:30:00,loss,2.0,-199.99999999981813,-0.1999999999998181,0.01,2.5626666666666704,9800.000000000182
1176,2025-05-23 08:55:00,SWEEP_bullish,buy,3323.68,3323.48,3324.08,3323.48,2025-05-23 09:00:00,loss,2.0,-199.99999999981813,-0.1999999999998181,0.01,2.7866666666666484,9800.000000000182
1177,2025-05-23 09:15:00,SWEEP_bullish,buy,3326.89,3326.69,3327.29,3326.69,2025-05-23 09:20:00,loss,2.0,-199.99999999981813,-0.1999999999998181,0.01,3.3413333333332957,9800.000000000182
1178,2025-05-23 10:00:00,SWEEP_bullish,buy,3328.53,3328.3300000000004,3328.9300000000003,3328.3300000000004,2025-05-23 10:05:00,loss,2.0,-199.99999999981813,-0.1999999999998181,0.01,3.3893333333333127,9800.000000000182
1179,2025-05-23 14:50:00,SWEEP_bullish,buy,3343.6,3343.4,3344.0,3343.4,2025-05-23 14:55:00,loss,2.0,-199.99999999981813,-0.1999999999998181,0.01,4.965333333333395,9800.000000000182
1180,2025-05-23 15:40:00,SWEEP_bullish,buy,3358.09,3357.8900000000003,3358.4900000000002,3357.8900000000003,2025-05-23 15:45:00,loss,2.0,-199.99999999981813,-0.1999999999998181,0.01,7.792000000000068,9800.000000000182
1181,2025-05-23 16:35:00,SWEEP_bearish,sell,3343.58,3343.7799999999997,3343.18,3343.7799999999997,2025-05-23 16:40:00,loss,2.0,-199.99999999981813,-0.1999999999998181,0.01,6.917999999999998,9800.000000000182
1182,2025-05-26 08:00:00,SWEEP_bullish,buy,3348.95,3348.75,3349.35,3348.75,2025-05-26 08:05:00,loss,2.0,-199.99999999981813,-0.1999999999998181,0.01,1.8193333333334523,9800.000000000182
1183,2025-05-26 09:30:00,SWEEP_bearish,sell,3341.3,3341.5,3340.9,3341.5,2025-05-26 09:35:00,loss,2.0,-199.99999999981813,-0.1999999999998181,0.01,2.9113333333333684,9800.000000000182
1184,2025-05-26 10:00:00,SWEEP_bearish,sell,3337.36,3337.56,3336.96,3337.56,2025-05-26 10:05:00,loss,2.0,-199.99999999981813,-0.1999999999998181,0.01,2.7620000000000196,9800.000000000182
1185,2025-05-26 11:40:00,SWEEP_bearish,sell,3334.43,3334.6299999999997,3334.0299999999997,3334.6299999999997,2025-05-26 11:45:00,loss,2.0,-199.99999999981813,-0.1999999999998181,0.01,2.734666666666635,9800.000000000182
1186,2025-05-26 15:10:00,SWEEP_bullish,buy,3333.98,3333.78,3334.38,3333.78,2025-05-26 15:15:00,loss,2.0,-199.99999999981813,-0.1999999999998181,0.01,1.5113333333332775,9800.000000000182
1187,2025-05-26 15:30:00,SWEEP_bearish,sell,3329.21,3329.41,3328.81,3329.41,2025-05-26 15:35:00,loss,2.0,-199.99999999981813,-0.1999999999998181,0.01,2.079999999999897,9800.000000000182
1188,2025-05-26 16:30:00,SWEEP_bullish,buy,3336.73,3336.53,3337.13,3336.53,2025-05-26 16:35:00,loss,2.0,-199.99999999981813,-0.1999999999998181,0.01,2.81200000000008,9800.000000000182
1189,2025-05-27 08:00:00,SWEEP_bearish,sell,3330.85,3331.0499999999997,3330.45,3330.45,2025-05-27 08:05:00,win,2.0,400.000000000091,0.40000000000009095,0.01,2.140666666666675,10400.000000000091
1190,2025-05-27 08:40:00,SWEEP_bearish,sell,3324.4,3324.6,3324.0,3324.6,2025-05-27 08:45:00,loss,2.0,-199.99999999981813,-0.1999999999998181,0.01,2.849333333333319,9800.000000000182
1191,2025-05-27 09:55:00,SWEEP_bearish,sell,3308.68,3308.8799999999997,3308.2799999999997,3308.8799999999997,2025-05-27 10:00:00,loss,2.0,-199.99999999981813,-0.1999999999998181,0.01,5.301333333333362,9800.000000000182
1192,2025-05-27 10:05:00,SWEEP_bearish,sell,3307.06,3307.2599999999998,3306.66,3307.2599999999998,2025-05-27 10:10:00,loss,2.0,-199.99999999981813,-0.1999999999998181,0.01,5.016666666666697,9800.000000000182
1193,2025-05-27 10:55:00,SWEEP_bearish,sell,3296.44,3296.64,3296.04,3296.64,2025-05-27 11:00:00,loss,2.0,-199.99999999981813,-0.1999999999998181,0.01,5.738666666666753,9800.000000000182
1194,2025-05-27 14:20:00,SWEEP_bearish,sell,3291.08,3291.2799999999997,3290.68,3291.2799999999997,2025-05-27 14:25:00,loss,2.0,-199.99999999981813,-0.1999999999998181,0.01,3.4606666666666266,9800.000000000182
1195,2025-05-27 16:05:00,SWEEP_bullish,buy,3296.77,3296.57,3297.17,3297.17,2025-05-27 16:10:00,win,2.0,400.000000000091,0.40000000000009095,0.01,3.083333333333394,10400.000000000091
1196,2025-05-27 16:35:00,SWEEP_bullish,buy,3299.75,3299.55,3300.15,3299.55,2025-05-27 16:40:00,loss,2.0,-199.99999999981813,-0.1999999999998181,0.01,3.5713333333333748,9800.000000000182
1197,2025-05-28 08:20:00,SWEEP_bullish,buy,3306.13,3305.9300000000003,3306.53,3305.9300000000003,2025-05-28 08:25:00,loss,2.0,-199.99999999981813,-0.1999999999998181,0.01,2.5046666666667687,9800.000000000182
1198,2025-05-28 10:00:00,SWEEP_bullish,buy,3307.39,3307.19,3307.79,3307.79,2025-05-28 10:05:00,win,2.0,400.000000000091,0.40000000000009095,0.01,2.8946666666666716,10400.000000000091
1199,2025-05-28 11:15:00,SWEEP_bullish,buy,3321.41,3321.21,3321.81,3321.21,2025-05-28 11:20:00,loss,2.0,-199.99999999981813,-0.1999999999998181,0.01,3.663999999999972,9800.000000000182
1200,2025-05-28 13:40:00,SWEEP_bearish,sell,3315.68,3315.8799999999997,3315.2799999999997,3315.8799999999997,2025-05-28 13:45:00,loss,2.0,-199.99999999981813,-0.1999999999998181,0.01,2.136666666666709,9800.000000000182
1201,2025-05-28 14:15:00,SWEEP_bearish,sell,3311.26,3311.46,3310.86,3311.46,2025-05-28 14:20:00,loss,2.0,-199.99999999981813,-0.1999999999998181,0.01,2.6153333333334254,9800.000000000182
1202,2025-05-28 16:15:00,SWEEP_bearish,sell,3310.12,3310.3199999999997,3309.72,3310.3199999999997,2025-05-28 16:20:00,loss,2.0,-199.99999999981813,-0.1999999999998181,0.01,3.6106666666665963,9800.000000000182
1203,2025-05-28 16:30:00,SWEEP_bearish,sell,3308.25,3308.45,3307.85,3308.45,2025-05-28 16:35:00,loss,2.0,-199.99999999981813,-0.1999999999998181,0.01,3.5979999999999563,9800.000000000182
1204,2025-05-29 08:00:00,SWEEP_bearish,sell,3270.16,3270.3599999999997,3269.7599999999998,3270.3599999999997,2025-05-29 08:05:00,loss,2.0,-199.99999999981813,-0.1999999999998181,0.01,2.3939999999999295,9800.000000000182
1205,2025-05-29 08:10:00,SWEEP_bearish,sell,3271.1,3271.2999999999997,3270.7,3271.2999999999997,2025-05-29 08:15:00,loss,2.0,-199.99999999981813,-0.1999999999998181,0.01,2.4579999999999624,9800.000000000182
1206,2025-05-29 10:25:00,SWEEP_bullish,buy,3280.95,3280.75,3281.35,3280.75,2025-05-29 10:30:00,loss,2.0,-199.99999999981813,-0.1999999999998181,0.01,2.739999999999994,9800.000000000182
1207,2025-05-29 11:00:00,SWEEP_bullish,buy,3285.84,3285.6400000000003,3286.2400000000002,3285.6400000000003,2025-05-29 11:05:00,loss,2.0,-199.99999999981813,-0.1999999999998181,0.01,3.142666666666628,9800.000000000182
1208,2025-05-29 13:55:00,SWEEP_bullish,buy,3296.47,3296.27,3296.87,3296.27,2025-05-29 14:00:00,loss,2.0,-199.99999999981813,-0.1999999999998181,0.01,3.0780000000000354,9800.000000000182
1209,2025-05-29 14:30:00,SWEEP_bullish,buy,3301.87,3301.67,3302.27,3301.67,2025-05-29 14:35:00,loss,2.0,-199.99999999981813,-0.1999999999998181,0.01,2.9706666666666326,9800.000000000182
1210,2025-05-29 14:50:00,SWEEP_bullish,buy,3301.36,3301.1600000000003,3301.76,3301.1600000000003,2025-05-29 14:55:00,loss,2.0,-199.99999999981813,-0.1999999999998181,0.01,3.1719999999999953,9800.000000000182
1211,2025-05-29 15:35:00,SWEEP_bullish,buy,3311.54,3311.34,3311.94,3311.34,2025-05-29 15:40:00,loss,2.0,-199.99999999981813,-0.1999999999998181,0.01,3.7846666666666655,9800.000000000182
1212,2025-05-29 15:45:00,SWEEP_bullish,buy,3311.96,3311.76,3312.36,3311.76,2025-05-29 15:50:00,loss,2.0,-199.99999999981813,-0.1999999999998181,0.01,3.7006666666666814,9800.000000000182
1213,2025-05-29 16:00:00,SWEEP_bullish,buy,3311.31,3311.11,3311.71,3311.11,2025-05-29 16:05:00,loss,2.0,-199.99999999981813,-0.1999999999998181,0.01,4.111333333333338,9800.000000000182
1214,2025-05-29 16:30:00,SWEEP_bullish,buy,3317.38,3317.1800000000003,3317.78,3317.1800000000003,2025-05-29 16:35:00,loss,2.0,-199.99999999981813,-0.1999999999998181,0.01,4.023333333333327,9800.000000000182
1215,2025-05-30 08:40:00,SWEEP_bullish,buy,3299.3,3299.1000000000004,3299.7000000000003,3299.1000000000004,2025-05-30 08:45:00,loss,2.0,-199.99999999981813,-0.1999999999998181,0.01,2.5459999999998826,9800.000000000182
1216,2025-05-30 13:50:00,SWEEP_bearish,sell,3295.22,3295.4199999999996,3294.8199999999997,3295.4199999999996,2025-05-30 13:55:00,loss,2.0,-199.99999999981813,-0.1999999999998181,0.01,2.033333333333273,9800.000000000182
1217,2025-05-30 14:50:00,SWEEP_bearish,sell,3292.37,3292.5699999999997,3291.97,3292.5699999999997,2025-05-30 14:55:00,loss,2.0,-199.99999999981813,-0.1999999999998181,0.01,2.525333333333371,9800.000000000182
1218,2025-05-30 15:10:00,SWEEP_bearish,sell,3302.93,3303.1299999999997,3302.5299999999997,3303.1299999999997,2025-05-30 15:15:00,loss,2.0,-199.99999999981813,-0.1999999999998181,0.01,4.642666666666658,9800.000000000182
1219,2025-05-30 16:10:00,SWEEP_bullish,buy,3302.69,3302.4900000000002,3303.09,3302.4900000000002,2025-05-30 16:15:00,loss,2.0,-199.99999999981813,-0.1999999999998181,0.01,6.002666666666603,9800.000000000182
1220,2025-06-02 08:15:00,SWEEP_bullish,buy,3317.08,3316.88,3317.48,3316.88,2025-06-02 08:20:00,loss,2.0,-199.99999999981813,-0.1999999999998181,0.01,2.3006666666667117,9800.000000000182
1221,2025-06-02 09:30:00,SWEEP_bullish,buy,3336.85,3336.65,3337.25,3336.65,2025-06-02 09:35:00,loss,2.0,-199.99999999981813,-0.1999999999998181,0.01,2.9293333333333673,9800.000000000182
1222,2025-06-02 09:45:00,SWEEP_bullish,buy,3340.97,3340.77,3341.37,3340.77,2025-06-02 09:50:00,loss,2.0,-199.99999999981813,-0.1999999999998181,0.01,3.609333333333355,9800.000000000182
1223,2025-06-02 10:25:00,SWEEP_bullish,buy,3353.28,3353.0800000000004,3353.6800000000003,3353.6800000000003,2025-06-02 10:30:00,win,2.0,400.000000000091,0.40000000000009095,0.01,4.333333333333303,10400.000000000091
1224,2025-06-02 15:25:00,SWEEP_bullish,buy,3360.62,3360.42,3361.02,3361.02,2025-06-02 15:30:00,win,2.0,400.000000000091,0.40000000000009095,0.01,3.650666666666681,10400.000000000091
1225,2025-06-02 16:10:00,SWEEP_bearish,sell,3356.24,3356.4399999999996,3355.8399999999997,3356.4399999999996,2025-06-02 16:15:00,loss,2.0,-199.99999999981813,-0.1999999999998181,0.01,3.4479999999999866,9800.000000000182
1226,2025-06-02 16:25:00,SWEEP_bearish,sell,3355.5,3355.7,3355.1,3355.7,2025-06-02 16:30:00,loss,2.0,-199.99999999981813,-0.1999999999998181,0.01,3.3020000000000134,9800.000000000182
1227,2025-06-02 16:30:00,SWEEP_bearish,sell,3356.03,3356.23,3355.63,3356.23,2025-06-02 16:35:00,loss,2.0,-199.99999999981813,-0.1999999999998181,0.01,3.542666666666658,9800.000000000182
1228,2025-06-02 16:45:00,SWEEP_bullish,buy,3365.76,3365.5600000000004,3366.1600000000003,3365.5600000000004,2025-06-02 16:50:00,loss,2.0,-199.99999999981813,-0.1999999999998181,0.01,4.077333333333294,9800.000000000182
1229,2025-06-02 16:55:00,SWEEP_bullish,buy,3370.63,3370.4300000000003,3371.03,3371.03,2025-06-02 17:00:00,win,2.0,400.000000000091,0.40000000000009095,0.01,4.76266666666664,10400.000000000091
1230,2025-06-03 08:35:00,SWEEP_bearish,sell,3359.53,3359.73,3359.13,3359.73,2025-06-03 08:40:00,loss,2.0,-199.99999999981813,-0.1999999999998181,0.01,2.5706666666666327,9800.000000000182
8,2025-06-03 11:05:00,FVG_bearish,sell,3361.53,3361.73,3361.13,3361.73,2025-06-03 11:10:00,loss,2.0,-199.99999999981813,-0.1999999999998181,0.01,2.9680000000000897,9800.000000000182
1231,2025-06-03 14:10:00,SWEEP_bearish,sell,3356.94,3357.14,3356.54,3357.14,2025-06-03 14:15:00,loss,2.0,-199.99999999981813,-0.1999999999998181,0.01,1.7906666666667357,9800.000000000182
1232,2025-06-03 15:20:00,SWEEP_bearish,sell,3352.98,3353.18,3352.58,3353.18,2025-06-03 15:25:00,loss,2.0,-199.99999999981813,-0.1999999999998181,0.01,2.5713333333333748,9800.000000000182
1233,2025-06-04 08:05:00,SWEEP_bearish,sell,3354.62,3354.8199999999997,3354.22,3354.8199999999997,2025-06-04 08:10:00,loss,2.0,-199.99999999981813,-0.1999999999998181,0.01,2.675333333333371,9800.000000000182
1234,2025-06-04 10:10:00,SWEEP_bullish,buy,3359.56,3359.36,3359.96,3359.36,2025-06-04 10:15:00,loss,2.0,-199.99999999981813,-0.1999999999998181,0.01,2.873333333333297,9800.000000000182
1235,2025-06-04 10:35:00,SWEEP_bullish,buy,3361.74,3361.54,3362.14,3361.54,2025-06-04 10:40:00,loss,2.0,-199.99999999981813,-0.1999999999998181,0.01,2.747333333333336,9800.000000000182
1236,2025-06-04 15:35:00,SWEEP_bullish,buy,3352.64,3352.44,3353.04,3352.44,2025-06-04 15:40:00,loss,2.0,-199.99999999981813,-0.1999999999998181,0.01,3.951999999999953,9800.000000000182
1237,2025-06-04 15:50:00,SWEEP_bullish,buy,3358.0,3357.8,3358.4,3357.8,2025-06-04 15:55:00,loss,2.0,-199.99999999981813,-0.1999999999998181,0.01,4.005333333333328,9800.000000000182
1238,2025-06-05 10:20:00,SWEEP_bullish,buy,3372.46,3372.26,3372.86,3372.26,2025-06-05 10:25:00,loss,2.0,-199.99999999981813,-0.1999999999998181,0.01,2.390666666666736,9800.000000000182
1239,2025-06-05 11:55:00,SWEEP_bullish,buy,3375.35,3375.15,3375.75,3375.75,2025-06-05 12:00:00,win,2.0,400.000000000091,0.40000000000009095,0.01,1.8873333333332993,10400.000000000091
1240,2025-06-05 13:30:00,SWEEP_bullish,buy,3394.92,3394.7200000000003,3395.32,3394.7200000000003,2025-06-05 13:35:00,loss,2.0,-199.99999999981813,-0.1999999999998181,0.01,3.938666666666692,9800.000000000182
1241,2025-06-05 13:45:00,SWEEP_bullish,buy,3397.25,3397.05,3397.65,3397.05,2025-06-05 13:50:00,loss,2.0,-199.99999999981813,-0.1999999999998181,0.01,3.33133333333335,9800.000000000182
1242,2025-06-05 14:15:00,SWEEP_bullish,buy,3398.65,3398.4500000000003,3399.05,3398.4500000000003,2025-06-05 14:20:00,loss,2.0,-199.99999999981813,-0.1999999999998181,0.01,3.3539999999998447,9800.000000000182
1243,2025-06-05 16:05:00,SWEEP_bearish,sell,3379.19,3379.39,3378.79,3379.39,2025-06-05 16:10:00,loss,2.0,-199.99999999981813,-0.1999999999998181,0.01,5.717999999999908,9800.000000000182
1244,2025-06-06 08:05:00,SWEEP_bullish,buy,3374.44,3374.2400000000002,3374.84,3374.2400000000002,2025-06-06 08:10:00,loss,2.0,-199.99999999981813,-0.1999999999998181,0.01,1.9573333333334024,9800.000000000182
1245,2025-06-06 08:25:00,SWEEP_bearish,sell,3369.18,3369.3799999999997,3368.7799999999997,3369.3799999999997,2025-06-06 08:30:00,loss,2.0,-199.99999999981813,-0.1999999999998181,0.01,1.9866666666667394,9800.000000000182
1246,2025-06-06 09:45:00,SWEEP_bearish,sell,3360.07,3360.27,3359.67,3360.27,2025-06-06 09:50:00,loss,2.0,-199.99999999981813,-0.1999999999998181,0.01,3.163333333333321,9800.000000000182
1247,2025-06-06 11:30:00,SWEEP_bullish,buy,3363.33,3363.13,3363.73,3363.13,2025-06-06 11:35:00,loss,2.0,-199.99999999981813,-0.1999999999998181,0.01,2.962666666666549,9800.000000000182
1248,2025-06-06 11:55:00,SWEEP_bullish,buy,3365.3,3365.1000000000004,3365.7000000000003,3365.1000000000004,2025-06-06 12:00:00,loss,2.0,-199.99999999981813,-0.1999999999998181,0.01,2.9653333333332434,9800.000000000182
1249,2025-06-06 14:10:00,SWEEP_bullish,buy,3361.88,3361.6800000000003,3362.28,3361.6800000000003,2025-06-06 14:15:00,loss,2.0,-199.99999999981813,-0.1999999999998181,0.01,1.9986666666666375,9800.000000000182
1250,2025-06-06 15:25:00,SWEEP_bearish,sell,3358.85,3359.0499999999997,3358.45,3359.0499999999997,2025-06-06 15:30:00,loss,2.0,-199.99999999981813,-0.1999999999998181,0.01,2.5519999999999525,9800.000000000182
1251,2025-06-06 15:40:00,SWEEP_bearish,sell,3353.15,3353.35,3352.75,3353.35,2025-06-06 15:45:00,loss,2.0,-199.99999999981813,-0.1999999999998181,0.01,4.552666666666634,9800.000000000182
1252,2025-06-09 09:25:00,SWEEP_bullish,buy,3318.54,3318.34,3318.94,3318.34,2025-06-09 09:30:00,loss,2.0,-199.99999999981813,-0.1999999999998181,0.01,2.334666666666605,9800.000000000182
1253,2025-06-09 09:50:00,SWEEP_bullish,buy,3321.01,3320.8100000000004,3321.4100000000003,3320.8100000000004,2025-06-09 09:55:00,loss,2.0,-199.99999999981813,-0.1999999999998181,0.01,2.2753333333332497,9800.000000000182
1254,2025-06-09 10:00:00,SWEEP_bullish,buy,3322.05,3321.8500000000004,3322.4500000000003,3321.8500000000004,2025-06-09 10:05:00,loss,2.0,-199.99999999981813,-0.1999999999998181,0.01,2.459333333333264,9800.000000000182
1255,2025-06-09 14:45:00,SWEEP_bullish,buy,3319.68,3319.48,3320.08,3319.48,2025-06-09 14:50:00,loss,2.0,-199.99999999981813,-0.1999999999998181,0.01,2.009999999999976,9800.000000000182
1256,2025-06-09 15:35:00,SWEEP_bullish,buy,3321.17,3320.9700000000003,3321.57,3320.9700000000003,2025-06-09 15:40:00,loss,2.0,-199.99999999981813,-0.1999999999998181,0.01,2.986666666666709,9800.000000000182
1257,2025-06-10 08:10:00,SWEEP_bullish,buy,3310.41,3310.21,3310.81,3310.21,2025-06-10 08:15:00,loss,2.0,-199.99999999981813,-0.1999999999998181,0.01,1.9819999999999405,9800.000000000182
1258,2025-06-10 10:35:00,SWEEP_bullish,buy,3330.32,3330.1200000000003,3330.7200000000003,3330.1200000000003,2025-06-10 10:40:00,loss,2.0,-199.99999999981813,-0.1999999999998181,0.01,3.1673333333332874,9800.000000000182
1259,2025-06-10 14:20:00,SWEEP_bullish,buy,3340.09,3339.8900000000003,3340.4900000000002,3339.8900000000003,2025-06-10 14:25:00,loss,2.0,-199.99999999981813,-0.1999999999998181,0.01,2.2740000000000387,9800.000000000182
1260,2025-06-10 14:30:00,SWEEP_bullish,buy,3339.9,3339.7000000000003,3340.3,3339.7000000000003,2025-06-10 14:35:00,loss,2.0,-199.99999999981813,-0.1999999999998181,0.01,2.298666666666668,9800.000000000182
1261,2025-06-10 15:15:00,SWEEP_bearish,sell,3332.2,3332.3999999999996,3331.7999999999997,3332.3999999999996,2025-06-10 15:20:00,loss,2.0,-199.99999999981813,-0.1999999999998181,0.01,2.8366666666666487,9800.000000000182
1262,2025-06-10 16:30:00,SWEEP_bullish,buy,3344.59,3344.3900000000003,3344.9900000000002,3344.3900000000003,2025-06-10 16:35:00,loss,2.0,-199.99999999981813,-0.1999999999998181,0.01,3.1006666666667724,9800.000000000182
1263,2025-06-10 16:45:00,SWEEP_bullish,buy,3346.55,3346.3500000000004,3346.9500000000003,3346.3500000000004,2025-06-10 16:50:00,loss,2.0,-199.99999999981813,-0.1999999999998181,0.01,3.0333333333334243,9800.000000000182
1264,2025-06-11 10:55:00,SWEEP_bullish,buy,3345.6,3345.4,3346.0,3345.4,2025-06-11 11:00:00,loss,2.0,-199.99999999981813,-0.1999999999998181,0.01,2.591333333333417,9800.000000000182
1265,2025-06-11 13:30:00,SWEEP_bearish,sell,3333.09,3333.29,3332.69,3333.29,2025-06-11 13:35:00,loss,2.0,-199.99999999981813,-0.1999999999998181,0.01,2.7000000000000304,9800.000000000182
1266,2025-06-11 14:05:00,SWEEP_bearish,sell,3327.85,3328.0499999999997,3327.45,3328.0499999999997,2025-06-11 14:10:00,loss,2.0,-199.99999999981813,-0.1999999999998181,0.01,2.6986666666667287,9800.000000000182
1267,2025-06-11 15:00:00,SWEEP_bullish,buy,3329.24,3329.04,3329.64,3329.04,2025-06-11 15:05:00,loss,2.0,-199.99999999981813,-0.1999999999998181,0.01,2.8586666666666436,9800.000000000182
1268,2025-06-11 15:25:00,SWEEP_bullish,buy,3340.3,3340.1000000000004,3340.7000000000003,3340.1000000000004,2025-06-11 15:30:00,loss,2.0,-199.99999999981813,-0.1999999999998181,0.01,3.248666666666577,9800.000000000182
1269,2025-06-12 08:00:00,SWEEP_bearish,sell,3370.53,3370.73,3370.13,3370.73,2025-06-12 08:05:00,loss,2.0,-199.99999999981813,-0.1999999999998181,0.01,2.010666666666657,9800.000000000182
1270,2025-06-12 08:35:00,SWEEP_bullish,buy,3374.52,3374.32,3374.92,3374.32,2025-06-12 08:40:00,loss,2.0,-199.99999999981813,-0.1999999999998181,0.01,1.903999999999966,9800.000000000182
1271,2025-06-12 09:20:00,SWEEP_bearish,sell,3368.16,3368.3599999999997,3367.7599999999998,3368.3599999999997,2025-06-12 09:25:00,loss,2.0,-199.99999999981813,-0.1999999999998181,0.01,2.2279999999999442,9800.000000000182
9,2025-06-12 09:35:00,FVG_bearish,sell,3372.87,3373.0699999999997,3372.47,3373.0699999999997,2025-06-12 09:40:00,loss,2.0,-199.99999999981813,-0.1999999999998181,0.01,2.4079999999999626,9800.000000000182
1272,2025-06-12 16:05:00,SWEEP_bullish,buy,3389.94,3389.7400000000002,3390.34,3389.7400000000002,2025-06-12 16:10:00,loss,2.0,-199.99999999981813,-0.1999999999998181,0.01,4.388666666666662,9800.000000000182
1273,2025-06-12 16:45:00,SWEEP_bullish,buy,3391.5,3391.3,3391.9,3391.3,2025-06-12 16:50:00,loss,2.0,-199.99999999981813,-0.1999999999998181,0.01,5.62466666666672,9800.000000000182
1274,2025-06-13 08:30:00,SWEEP_bearish,sell,3422.16,3422.3599999999997,3421.7599999999998,3422.3599999999997,2025-06-13 08:35:00,loss,2.0,-199.99999999981813,-0.1999999999998181,0.01,3.3933333333332483,9800.000000000182
1275,2025-06-13 10:10:00,SWEEP_bearish,sell,3413.11,3413.31,3412.71,3413.31,2025-06-13 10:15:00,loss,2.0,-199.99999999981813,-0.1999999999998181,0.01,5.004666666666738,9800.000000000182
1276,2025-06-13 11:25:00,SWEEP_bullish,buy,3423.56,3423.36,3423.96,3423.36,2025-06-13 11:30:00,loss,2.0,-199.99999999981813,-0.1999999999998181,0.01,3.473999999999978,9800.000000000182
1277,2025-06-13 13:20:00,SWEEP_bearish,sell,3418.03,3418.23,3417.63,3418.23,2025-06-13 13:25:00,loss,2.0,-199.99999999981813,-0.1999999999998181,0.01,3.4426666666667187,9800.000000000182
1278,2025-06-13 13:50:00,SWEEP_bearish,sell,3414.87,3415.0699999999997,3414.47,3415.0699999999997,2025-06-13 13:55:00,loss,2.0,-199.99999999981813,-0.1999999999998181,0.01,3.6693333333333613,9800.000000000182
1279,2025-06-13 16:15:00,SWEEP_bullish,buy,3438.11,3437.9100000000003,3438.51,3437.9100000000003,2025-06-13 16:20:00,loss,2.0,-199.99999999981813,-0.1999999999998181,0.01,4.033333333333273,9800.000000000182
1280,2025-06-16 09:20:00,SWEEP_bearish,sell,3417.24,3417.4399999999996,3416.8399999999997,3417.4399999999996,2025-06-16 09:25:00,loss,2.0,-199.99999999981813,-0.1999999999998181,0.01,3.4459999999999735,9800.000000000182
1281,2025-06-16 13:20:00,SWEEP_bearish,sell,3413.79,3413.99,3413.39,3413.99,2025-06-16 13:25:00,loss,2.0,-199.99999999981813,-0.1999999999998181,0.01,2.457333333333281,9800.000000000182
1282,2025-06-16 13:45:00,SWEEP_bullish,buy,3418.54,3418.34,3418.94,3418.34,2025-06-16 13:50:00,loss,2.0,-199.99999999981813,-0.1999999999998181,0.01,2.3873333333332996,9800.000000000182
1283,2025-06-16 14:05:00,SWEEP_bullish,buy,3419.02,3418.82,3419.42,3418.82,2025-06-16 14:10:00,loss,2.0,-199.99999999981813,-0.1999999999998181,0.01,2.4526666666666035,9800.000000000182
1284,2025-06-16 16:15:00,SWEEP_bearish,sell,3415.57,3415.77,3415.17,3415.77,2025-06-16 16:20:00,loss,2.0,-199.99999999981813,-0.1999999999998181,0.01,3.3966666666666545,9800.000000000182
1285,2025-06-17 09:35:00,SWEEP_bearish,sell,3387.3,3387.5,3386.9,3387.5,2025-06-17 09:40:00,loss,2.0,-199.99999999981813,-0.1999999999998181,0.01,2.413999999999942,9800.000000000182
1286,2025-06-17 10:50:00,SWEEP_bullish,buy,3387.24,3387.04,3387.64,3387.04,2025-06-17 10:55:00,loss,2.0,-199.99999999981813,-0.1999999999998181,0.01,3.4893333333333127,9800.000000000182
1287,2025-06-17 13:40:00,SWEEP_bullish,buy,3396.03,3395.8300000000004,3396.4300000000003,3395.8300000000004,2025-06-17 13:45:00,loss,2.0,-199.99999999981813,-0.1999999999998181,0.01,2.9933333333333394,9800.000000000182
1288,2025-06-17 15:05:00,SWEEP_bearish,sell,3386.73,3386.93,3386.33,3386.33,2025-06-17 15:10:00,win,2.0,400.000000000091,0.40000000000009095,0.01,3.1406666666666143,10400.000000000091
1289,2025-06-17 15:20:00,SWEEP_bearish,sell,3387.7,3387.8999999999996,3387.2999999999997,3387.8999999999996,2025-06-17 15:25:00,loss,2.0,-199.99999999981813,-0.1999999999998181,0.01,3.183333333333333,9800.000000000182
1290,2025-06-18 09:05:00,SWEEP_bearish,sell,3386.18,3386.3799999999997,3385.7799999999997,3386.3799999999997,2025-06-18 09:10:00,loss,2.0,-199.99999999981813,-0.1999999999998181,0.01,2.744666666666702,9800.000000000182
1291,2025-06-18 09:20:00,SWEEP_bearish,sell,3383.36,3383.56,3382.96,3383.56,2025-06-18 09:25:00,loss,2.0,-199.99999999981813,-0.1999999999998181,0.01,2.83133333333335,9800.000000000182
1292,2025-06-18 09:30:00,SWEEP_bearish,sell,3382.78,3382.98,3382.38,3382.98,2025-06-18 09:35:00,loss,2.0,-199.99999999981813,-0.1999999999998181,0.01,2.847333333333366,9800.000000000182
1293,2025-06-18 09:45:00,SWEEP_bearish,sell,3382.08,3382.2799999999997,3381.68,3382.2799999999997,2025-06-18 09:50:00,loss,2.0,-199.99999999981813,-0.1999999999998181,0.01,2.6286666666667164,9800.000000000182
1294,2025-06-18 10:30:00,SWEEP_bearish,sell,3380.63,3380.83,3380.23,3380.83,2025-06-18 10:35:00,loss,2.0,-199.99999999981813,-0.1999999999998181,0.01,2.7086666666666437,9800.000000000182
1295,2025-06-18 15:25:00,SWEEP_bullish,buy,3386.59,3386.3900000000003,3386.9900000000002,3386.3900000000003,2025-06-18 15:30:00,loss,2.0,-199.99999999981813,-0.1999999999998181,0.01,2.7206666666666632,9800.000000000182
1296,2025-06-18 16:20:00,SWEEP_bullish,buy,3390.82,3390.6200000000003,3391.2200000000003,3391.2200000000003,2025-06-18 16:25:00,win,2.0,400.000000000091,0.40000000000009095,0.01,2.4966666666665938,10400.000000000091
1297,2025-06-18 16:30:00,SWEEP_bullish,buy,3393.36,3393.1600000000003,3393.76,3393.1600000000003,2025-06-18 16:35:00,loss,2.0,-199.99999999981813,-0.1999999999998181,0.01,2.8026666666666036,9800.000000000182
1298,2025-06-19 08:10:00,SWEEP_bearish,sell,3373.16,3373.3599999999997,3372.7599999999998,3373.3599999999997,2025-06-19 08:15:00,loss,2.0,-199.99999999981813,-0.1999999999998181,0.01,1.4499999999999393,9800.000000000182
1299,2025-06-19 09:10:00,SWEEP_bearish,sell,3355.84,3356.04,3355.44,3356.04,2025-06-19 09:15:00,loss,2.0,-199.99999999981813,-0.1999999999998181,0.01,3.911333333333308,9800.000000000182
1300,2025-06-19 09:20:00,SWEEP_bearish,sell,3354.2,3354.3999999999996,3353.7999999999997,3354.3999999999996,2025-06-19 09:25:00,loss,2.0,-199.99999999981813,-0.1999999999998181,0.01,4.145333333333323,9800.000000000182
1301,2025-06-19 09:30:00,SWEEP_bearish,sell,3350.75,3350.95,3350.35,3350.95,2025-06-19 09:35:00,loss,2.0,-199.99999999981813,-0.1999999999998181,0.01,4.46266666666667,9800.000000000182
1302,2025-06-19 09:40:00,SWEEP_bearish,sell,3351.9,3352.1,3351.5,3352.1,2025-06-19 09:45:00,loss,2.0,-199.99999999981813,-0.1999999999998181,0.01,4.743333333333309,9800.000000000182
1303,2025-06-19 10:50:00,SWEEP_bullish,buy,3367.27,3367.07,3367.67,3367.07,2025-06-19 10:55:00,loss,2.0,-199.99999999981813,-0.1999999999998181,0.01,4.285333333333346,9800.000000000182
1304,2025-06-20 08:30:00,SWEEP_bearish,sell,3349.62,3349.8199999999997,3349.22,3349.8199999999997,2025-06-20 08:35:00,loss,2.0,-199.99999999981813,-0.1999999999998181,0.01,1.9146666666665928,9800.000000000182
1305,2025-06-20 09:00:00,SWEEP_bearish,sell,3345.82,3346.02,3345.42,3346.02,2025-06-20 09:05:00,loss,2.0,-199.99999999981813,-0.1999999999998181,0.01,2.9246666666666292,9800.000000000182
1306,2025-06-20 09:35:00,SWEEP_bearish,sell,3344.04,3344.24,3343.64,3344.24,2025-06-20 09:40:00,loss,2.0,-199.99999999981813,-0.1999999999998181,0.01,3.4186666666667103,9800.000000000182
1307,2025-06-20 10:15:00,SWEEP_bullish,buy,3352.23,3352.03,3352.63,3352.03,2025-06-20 10:20:00,loss,2.0,-199.99999999981813,-0.1999999999998181,0.01,3.19333333333343,9800.000000000182
1308,2025-06-20 14:30:00,SWEEP_bearish,sell,3352.94,3353.14,3352.54,3353.14,2025-06-20 14:35:00,loss,2.0,-199.99999999981813,-0.1999999999998181,0.01,1.5006666666666508,9800.000000000182
1309,2025-06-20 15:00:00,SWEEP_bearish,sell,3349.73,3349.93,3349.33,3349.93,2025-06-20 15:05:00,loss,2.0,-199.99999999981813,-0.1999999999998181,0.01,2.2786666666667164,9800.000000000182
1310,2025-06-20 16:40:00,SWEEP_bullish,buy,3363.76,3363.5600000000004,3364.1600000000003,3364.1600000000003,2025-06-20 16:45:00,win,2.0,400.000000000091,0.40000000000009095,0.01,3.7186666666666497,10400.000000000091
1311,2025-06-20 16:55:00,SWEEP_bullish,buy,3369.95,3369.75,3370.35,3369.75,2025-06-20 17:00:00,loss,2.0,-199.99999999981813,-0.1999999999998181,0.01,3.5946666666666713,9800.000000000182
1312,2025-06-23 11:05:00,SWEEP_bullish,buy,3360.9,3360.7000000000003,3361.3,3360.7000000000003,2025-06-23 11:10:00,loss,2.0,-199.99999999981813,-0.1999999999998181,0.01,2.6246666666666596,9800.000000000182
1313,2025-06-23 14:20:00,SWEEP_bullish,buy,3376.17,3375.9700000000003,3376.57,3375.9700000000003,2025-06-23 14:25:00,loss,2.0,-199.99999999981813,-0.1999999999998181,0.01,2.1799999999999877,9800.000000000182
